category,case_name,choreo_case,triton_case,operator_view_equivalent,input_shape_contract,explicit_assertion_count,implementation_status,validation_status,notes
batch_norm,10_dynamic_16x512xHxW_512_512_16x512xHxW,benchmark/choreo/batch_norm/10_dynamic_16x512xHxW_512_512_16x512xHxW.co,benchmark/triton/batch_norm/10_dynamic_16x512xHxW_512_512_16x512xHxW.py,yes,[16 x 512 x H x W] + [512] + [512] -> [16 x 512 x H x W],6,implemented-generated-host-entrypoint,generated-unvalidated,param-axis=1; normalize across batch axis
batch_norm,11_dynamic_32xSx768_768_768_32xSx768,benchmark/choreo/batch_norm/11_dynamic_32xSx768_768_768_32xSx768.co,benchmark/triton/batch_norm/11_dynamic_32xSx768_768_768_32xSx768.py,yes,[32 x S x 768] + [768] + [768] -> [32 x S x 768],6,implemented-generated-host-entrypoint,generated-unvalidated,param-axis=2; normalize across batch axis
batch_norm,12_dynamic_64xTx256_256_256_64xTx256,benchmark/choreo/batch_norm/12_dynamic_64xTx256_256_256_64xTx256.co,benchmark/triton/batch_norm/12_dynamic_64xTx256_256_256_64xTx256.py,yes,[64 x T x 256] + [256] + [256] -> [64 x T x 256],6,implemented-generated-host-entrypoint,generated-unvalidated,param-axis=2; normalize across batch axis
batch_norm,13_dynamic_32x512xV_V_V_32x512xV,benchmark/choreo/batch_norm/13_dynamic_32x512xV_V_V_32x512xV.co,benchmark/triton/batch_norm/13_dynamic_32x512xV_V_V_32x512xV.py,yes,[32 x 512 x V] + [V] + [V] -> [32 x 512 x V],6,implemented-generated-host-entrypoint,generated-unvalidated,param-axis=2; normalize across batch axis
batch_norm,14_efficientnet_64x1280x7x7_1280_1280_64x1280x7x7,benchmark/choreo/batch_norm/14_efficientnet_64x1280x7x7_1280_1280_64x1280x7x7.co,benchmark/triton/batch_norm/14_efficientnet_64x1280x7x7_1280_1280_64x1280x7x7.py,yes,[64 x 1280 x 7 x 7] + [1280] + [1280] -> [64 x 1280 x 7 x 7],6,implemented-generated-host-entrypoint,generated-unvalidated,param-axis=1; normalize across batch axis
batch_norm,15_gpt_16x1024x4096_4096_4096_16x1024x4096,benchmark/choreo/batch_norm/15_gpt_16x1024x4096_4096_4096_16x1024x4096.co,benchmark/triton/batch_norm/15_gpt_16x1024x4096_4096_4096_16x1024x4096.py,yes,[16 x 1024 x 4096] + [4096] + [4096] -> [16 x 1024 x 4096],6,implemented-generated-host-entrypoint,generated-unvalidated,param-axis=2; normalize across batch axis
batch_norm,16_lstm_64x100x256_256_256_64x100x256,benchmark/choreo/batch_norm/16_lstm_64x100x256_256_256_64x100x256.co,benchmark/triton/batch_norm/16_lstm_64x100x256_256_256_64x100x256.py,yes,[64 x 100 x 256] + [256] + [256] -> [64 x 100 x 256],6,implemented-generated-host-entrypoint,generated-unvalidated,param-axis=2; normalize across batch axis
batch_norm,17_mobilenet_128x96x112x112_96_96_128x96x112x112,benchmark/choreo/batch_norm/17_mobilenet_128x96x112x112_96_96_128x96x112x112.co,benchmark/triton/batch_norm/17_mobilenet_128x96x112x112_96_96_128x96x112x112.py,yes,[128 x 96 x 112 x 112] + [96] + [96] -> [128 x 96 x 112 x 112],6,implemented-generated-host-entrypoint,generated-unvalidated,param-axis=1; normalize across batch axis
batch_norm,18_resnet_64x256x56x56_256_256_64x256x56x56,benchmark/choreo/batch_norm/18_resnet_64x256x56x56_256_256_64x256x56x56.co,benchmark/triton/batch_norm/18_resnet_64x256x56x56_256_256_64x256x56x56.py,yes,[64 x 256 x 56 x 56] + [256] + [256] -> [64 x 256 x 56 x 56],6,implemented-generated-host-entrypoint,generated-unvalidated,param-axis=1; normalize across batch axis
batch_norm,19_transformer_32x512x2048_2048_2048_32x512x2048,benchmark/choreo/batch_norm/19_transformer_32x512x2048_2048_2048_32x512x2048.co,benchmark/triton/batch_norm/19_transformer_32x512x2048_2048_2048_32x512x2048.py,yes,[32 x 512 x 2048] + [2048] + [2048] -> [32 x 512 x 2048],6,implemented-generated-host-entrypoint,generated-unvalidated,param-axis=2; normalize across batch axis
batch_norm,1_bert_32x512x768_512_512_32x512x768,benchmark/choreo/batch_norm/1_bert_32x512x768_512_512_32x512x768.co,benchmark/triton/batch_norm/1_bert_32x512x768_512_512_32x512x768.py,yes,[32 x 512 x 768] + [512] + [512] -> [32 x 512 x 768],6,implemented-generated-host-entrypoint,generated-unvalidated,param-axis=1; normalize across batch axis
batch_norm,20_unet_16x512x32x32_512_512_16x512x32x32,benchmark/choreo/batch_norm/20_unet_16x512x32x32_512_512_16x512x32x32.co,benchmark/triton/batch_norm/20_unet_16x512x32x32_512_512_16x512x32x32.py,yes,[16 x 512 x 32 x 32] + [512] + [512] -> [16 x 512 x 32 x 32],6,implemented-generated-host-entrypoint,generated-unvalidated,param-axis=1; normalize across batch axis
batch_norm,21_vit_32x197x3072_3072_3072_32x197x3072,benchmark/choreo/batch_norm/21_vit_32x197x3072_3072_3072_32x197x3072.co,benchmark/triton/batch_norm/21_vit_32x197x3072_3072_3072_32x197x3072.py,yes,[32 x 197 x 3072] + [3072] + [3072] -> [32 x 197 x 3072],6,implemented-generated-host-entrypoint,generated-unvalidated,param-axis=2; normalize across batch axis
batch_norm,2_cnn_128x128x28x28_128_128_128x128x28x28,benchmark/choreo/batch_norm/2_cnn_128x128x28x28_128_128_128x128x28x28.co,benchmark/triton/batch_norm/2_cnn_128x128x28x28_128_128_128x128x28x28.py,yes,[128 x 128 x 28 x 28] + [128] + [128] -> [128 x 128 x 28 x 28],6,implemented-generated-host-entrypoint,generated-unvalidated,param-axis=1; normalize across batch axis
batch_norm,3_attention_32xNx512x64_N_N_32xNx512x64,benchmark/choreo/batch_norm/3_attention_32xNx512x64_N_N_32xNx512x64.co,benchmark/triton/batch_norm/3_attention_32xNx512x64_N_N_32xNx512x64.py,yes,[32 x N x 512 x 64] + [N] + [N] -> [32 x N x 512 x 64],6,implemented-generated-host-entrypoint,generated-unvalidated,param-axis=1; normalize across batch axis
batch_norm,4_dynamic_Nx256x56x56_256_256_Nx256x56x56,benchmark/choreo/batch_norm/4_dynamic_Nx256x56x56_256_256_Nx256x56x56.co,benchmark/triton/batch_norm/4_dynamic_Nx256x56x56_256_256_Nx256x56x56.py,yes,[N x 256 x 56 x 56] + [256] + [256] -> [N x 256 x 56 x 56],6,implemented-generated-host-entrypoint,generated-unvalidated,param-axis=1; normalize across batch axis
batch_norm,5_dynamic_Nx1280xHxW_1280_1280_Nx1280xHxW,benchmark/choreo/batch_norm/5_dynamic_Nx1280xHxW_1280_1280_Nx1280xHxW.co,benchmark/triton/batch_norm/5_dynamic_Nx1280xHxW_1280_1280_Nx1280xHxW.py,yes,[N x 1280 x H x W] + [1280] + [1280] -> [N x 1280 x H x W],6,implemented-generated-host-entrypoint,generated-unvalidated,param-axis=1; normalize across batch axis
batch_norm,6_dynamic_128xCx112x112_C_C_128xCx112x112,benchmark/choreo/batch_norm/6_dynamic_128xCx112x112_C_C_128xCx112x112.co,benchmark/triton/batch_norm/6_dynamic_128xCx112x112_C_C_128xCx112x112.py,yes,[128 x C x 112 x 112] + [C] + [C] -> [128 x C x 112 x 112],6,implemented-generated-host-entrypoint,generated-unvalidated,param-axis=1; normalize across batch axis
batch_norm,7_dynamic_32x197xE_E_E_32x197xE,benchmark/choreo/batch_norm/7_dynamic_32x197xE_E_E_32x197xE.co,benchmark/triton/batch_norm/7_dynamic_32x197xE_E_E_32x197xE.py,yes,[32 x 197 x E] + [E] + [E] -> [32 x 197 x E],6,implemented-generated-host-entrypoint,generated-unvalidated,param-axis=2; normalize across batch axis
batch_norm,8_dynamic_16x1024xD_D_D_16x1024xD,benchmark/choreo/batch_norm/8_dynamic_16x1024xD_D_D_16x1024xD.co,benchmark/triton/batch_norm/8_dynamic_16x1024xD_D_D_16x1024xD.py,yes,[16 x 1024 x D] + [D] + [D] -> [16 x 1024 x D],6,implemented-generated-host-entrypoint,generated-unvalidated,param-axis=2; normalize across batch axis
batch_norm,9_dynamic_64x128xHxW_128_128_64x128xHxW,benchmark/choreo/batch_norm/9_dynamic_64x128xHxW_128_128_64x128xHxW.co,benchmark/triton/batch_norm/9_dynamic_64x128xHxW_128_128_64x128xHxW.py,yes,[64 x 128 x H x W] + [128] + [128] -> [64 x 128 x H x W],6,implemented-generated-host-entrypoint,generated-unvalidated,param-axis=1; normalize across batch axis
concat,10_dynamic_16x512xHxW_16x512xHxW_16x1024xHxW,benchmark/choreo/concat/10_dynamic_16x512xHxW_16x512xHxW_16x1024xHxW.co,benchmark/triton/concat/10_dynamic_16x512xHxW_16x512xHxW_16x1024xHxW.py,yes,[16 x 512 x H x W] + [16 x 512 x H x W] -> [16 x 1024 x H x W],7,implemented-generated-host-entrypoint,generated-unvalidated,axis=1
concat,11_dynamic_32xS1x768_32xS2x768_32xS1pS2x768,benchmark/choreo/concat/11_dynamic_32xS1x768_32xS2x768_32xS1pS2x768.co,benchmark/triton/concat/11_dynamic_32xS1x768_32xS2x768_32xS1pS2x768.py,yes,[32 x S1 x 768] + [32 x S2 x 768] -> [32 x S1pS2 x 768],6,implemented-generated-host-entrypoint,generated-unvalidated,axis=1
concat,12_dynamic_64xTx256_64xTx256_64xTx512,benchmark/choreo/concat/12_dynamic_64xTx256_64xTx256_64xTx512.co,benchmark/triton/concat/12_dynamic_64xTx256_64xTx256_64xTx512.py,yes,[64 x T x 256] + [64 x T x 256] -> [64 x T x 512],6,implemented-generated-host-entrypoint,generated-unvalidated,axis=2
concat,13_dynamic_32x512xV1_32x512xV2_32x512xV1pV2,benchmark/choreo/concat/13_dynamic_32x512xV1_32x512xV2_32x512xV1pV2.co,benchmark/triton/concat/13_dynamic_32x512xV1_32x512xV2_32x512xV1pV2.py,yes,[32 x 512 x V1] + [32 x 512 x V2] -> [32 x 512 x V1pV2],6,implemented-generated-host-entrypoint,generated-unvalidated,axis=2
concat,14_efficientnet_64x1280x7x7_64x320x7x7_64x1600x7x7,benchmark/choreo/concat/14_efficientnet_64x1280x7x7_64x320x7x7_64x1600x7x7.co,benchmark/triton/concat/14_efficientnet_64x1280x7x7_64x320x7x7_64x1600x7x7.py,yes,[64 x 1280 x 7 x 7] + [64 x 320 x 7 x 7] -> [64 x 1600 x 7 x 7],7,implemented-generated-host-entrypoint,generated-unvalidated,axis=1
concat,15_gpt_16x512x1536_16x512x1536_16x512x3072,benchmark/choreo/concat/15_gpt_16x512x1536_16x512x1536_16x512x3072.co,benchmark/triton/concat/15_gpt_16x512x1536_16x512x1536_16x512x3072.py,yes,[16 x 512 x 1536] + [16 x 512 x 1536] -> [16 x 512 x 3072],6,implemented-generated-host-entrypoint,generated-unvalidated,axis=2
concat,16_lstm_64x100x256_64x100x256_64x100x512,benchmark/choreo/concat/16_lstm_64x100x256_64x100x256_64x100x512.co,benchmark/triton/concat/16_lstm_64x100x256_64x100x256_64x100x512.py,yes,[64 x 100 x 256] + [64 x 100 x 256] -> [64 x 100 x 512],6,implemented-generated-host-entrypoint,generated-unvalidated,axis=2
concat,17_mobilenet_128x96x112x112_128x32x112x112_128x128x112x112,benchmark/choreo/concat/17_mobilenet_128x96x112x112_128x32x112x112_128x128x112x112.co,benchmark/triton/concat/17_mobilenet_128x96x112x112_128x32x112x112_128x128x112x112.py,yes,[128 x 96 x 112 x 112] + [128 x 32 x 112 x 112] -> [128 x 128 x 112 x 112],7,implemented-generated-host-entrypoint,generated-unvalidated,axis=1
concat,18_resnet_64x256x56x56_64x256x56x56_64x512x56x56,benchmark/choreo/concat/18_resnet_64x256x56x56_64x256x56x56_64x512x56x56.co,benchmark/triton/concat/18_resnet_64x256x56x56_64x256x56x56_64x512x56x56.py,yes,[64 x 256 x 56 x 56] + [64 x 256 x 56 x 56] -> [64 x 512 x 56 x 56],7,implemented-generated-host-entrypoint,generated-unvalidated,axis=1
concat,19_transformer_32x512x64_32x512x64_32x512x64_32x512x64_32x512x256,benchmark/choreo/concat/19_transformer_32x512x64_32x512x64_32x512x64_32x512x64_32x512x256.co,benchmark/triton/concat/19_transformer_32x512x64_32x512x64_32x512x64_32x512x64_32x512x256.py,yes,[32 x 512 x 64] + [32 x 512 x 64] + [32 x 512 x 64] + [32 x 512 x 64] -> [32 x 512 x 256],6,implemented-generated-host-entrypoint,generated-unvalidated,axis=2
concat,1_bert_32x512x768_32x512x768_32x512x1536,benchmark/choreo/concat/1_bert_32x512x768_32x512x768_32x512x1536.co,benchmark/triton/concat/1_bert_32x512x768_32x512x768_32x512x1536.py,yes,[32 x 512 x 768] + [32 x 512 x 768] -> [32 x 512 x 1536],6,implemented-generated-host-entrypoint,generated-unvalidated,axis=2
concat,20_unet_16x512x32x32_16x512x32x32_16x1024x32x32,benchmark/choreo/concat/20_unet_16x512x32x32_16x512x32x32_16x1024x32x32.co,benchmark/triton/concat/20_unet_16x512x32x32_16x512x32x32_16x1024x32x32.py,yes,[16 x 512 x 32 x 32] + [16 x 512 x 32 x 32] -> [16 x 1024 x 32 x 32],7,implemented-generated-host-entrypoint,generated-unvalidated,axis=1
concat,21_vit_32x196x768_32x1x768_32x197x768,benchmark/choreo/concat/21_vit_32x196x768_32x1x768_32x197x768.co,benchmark/triton/concat/21_vit_32x196x768_32x1x768_32x197x768.py,yes,[32 x 196 x 768] + [32 x 1 x 768] -> [32 x 197 x 768],6,implemented-generated-host-entrypoint,generated-unvalidated,axis=1
concat,2_cnn_128x128x28x28_128x256x28x28_128x384x28x28,benchmark/choreo/concat/2_cnn_128x128x28x28_128x256x28x28_128x384x28x28.co,benchmark/triton/concat/2_cnn_128x128x28x28_128x256x28x28_128x384x28x28.py,yes,[128 x 128 x 28 x 28] + [128 x 256 x 28 x 28] -> [128 x 384 x 28 x 28],7,implemented-generated-host-entrypoint,generated-unvalidated,axis=1
concat,3_attention_32xNx512x64_32xNx512x64_32xNx512x128,benchmark/choreo/concat/3_attention_32xNx512x64_32xNx512x64_32xNx512x128.co,benchmark/triton/concat/3_attention_32xNx512x64_32xNx512x64_32xNx512x128.py,yes,[32 x N x 512 x 64] + [32 x N x 512 x 64] -> [32 x N x 512 x 128],7,implemented-generated-host-entrypoint,generated-unvalidated,axis=3
concat,4_dynamic_Nx256x56x56_Nx256x56x56_Nx512x56x56,benchmark/choreo/concat/4_dynamic_Nx256x56x56_Nx256x56x56_Nx512x56x56.co,benchmark/triton/concat/4_dynamic_Nx256x56x56_Nx256x56x56_Nx512x56x56.py,yes,[N x 256 x 56 x 56] + [N x 256 x 56 x 56] -> [N x 512 x 56 x 56],7,implemented-generated-host-entrypoint,generated-unvalidated,axis=1
concat,5_dynamic_Nx1280xHxW_Nx320xHxW_Nx1600xHxW,benchmark/choreo/concat/5_dynamic_Nx1280xHxW_Nx320xHxW_Nx1600xHxW.co,benchmark/triton/concat/5_dynamic_Nx1280xHxW_Nx320xHxW_Nx1600xHxW.py,yes,[N x 1280 x H x W] + [N x 320 x H x W] -> [N x 1600 x H x W],7,implemented-generated-host-entrypoint,generated-unvalidated,axis=1
concat,6_dynamic_128xC1x112x112_128xC2x112x112_128xC1pC2x112x112,benchmark/choreo/concat/6_dynamic_128xC1x112x112_128xC2x112x112_128xC1pC2x112x112.co,benchmark/triton/concat/6_dynamic_128xC1x112x112_128xC2x112x112_128xC1pC2x112x112.py,yes,[128 x C1 x 112 x 112] + [128 x C2 x 112 x 112] -> [128 x C1pC2 x 112 x 112],7,implemented-generated-host-entrypoint,generated-unvalidated,axis=1
concat,7_dynamic_32x197xE1_32x197xE2_32x197xE1pE2,benchmark/choreo/concat/7_dynamic_32x197xE1_32x197xE2_32x197xE1pE2.co,benchmark/triton/concat/7_dynamic_32x197xE1_32x197xE2_32x197xE1pE2.py,yes,[32 x 197 x E1] + [32 x 197 x E2] -> [32 x 197 x E1pE2],6,implemented-generated-host-entrypoint,generated-unvalidated,axis=2
concat,8_dynamic_16x1024xD1_16x1024xD2_16x1024xD1pD2,benchmark/choreo/concat/8_dynamic_16x1024xD1_16x1024xD2_16x1024xD1pD2.co,benchmark/triton/concat/8_dynamic_16x1024xD1_16x1024xD2_16x1024xD1pD2.py,yes,[16 x 1024 x D1] + [16 x 1024 x D2] -> [16 x 1024 x D1pD2],6,implemented-generated-host-entrypoint,generated-unvalidated,axis=2
concat,9_dynamic_64x128xHxW_64x128xHxW_64x256xHxW,benchmark/choreo/concat/9_dynamic_64x128xHxW_64x128xHxW_64x256xHxW.co,benchmark/triton/concat/9_dynamic_64x128xHxW_64x128xHxW_64x256xHxW.py,yes,[64 x 128 x H x W] + [64 x 128 x H x W] -> [64 x 256 x H x W],7,implemented-generated-host-entrypoint,generated-unvalidated,axis=1
conv2d,10_dynamic_32x128x112x112_256x128x3x3_32x256x56x56_S_P_D,benchmark/choreo/conv2d/10_dynamic_32x128x112x112_256x128x3x3_32x256x56x56_S_P_D.co,benchmark/triton/conv2d/10_dynamic_32x128x112x112_256x128x3x3_32x256x56x56_S_P_D.py,yes,[32 x 128 x 112 x 112] + [256 x 128 x 3 x 3] -> [32 x 256 x 56 x 56],5,implemented-generated-host-entrypoint,generated-unvalidated,stride=2; padding=1; dilation=1
conv2d,11_static_64x128x32x32_32x128x1x1_64x32x32x32_1_0_1,benchmark/choreo/conv2d/11_static_64x128x32x32_32x128x1x1_64x32x32x32_1_0_1.co,benchmark/triton/conv2d/11_static_64x128x32x32_32x128x1x1_64x32x32x32_1_0_1.py,yes,[64 x 128 x 32 x 32] + [32 x 128 x 1 x 1] -> [64 x 32 x 32 x 32],5,implemented-generated-host-entrypoint,generated-unvalidated,stride=1; padding=0; dilation=1
conv2d,12_efficientnet_64x40x56x56_240x40x1x1_64x240x56x56_1_0_1,benchmark/choreo/conv2d/12_efficientnet_64x40x56x56_240x40x1x1_64x240x56x56_1_0_1.co,benchmark/triton/conv2d/12_efficientnet_64x40x56x56_240x40x1x1_64x240x56x56_1_0_1.py,yes,[64 x 40 x 56 x 56] + [240 x 40 x 1 x 1] -> [64 x 240 x 56 x 56],5,implemented-generated-host-entrypoint,generated-unvalidated,stride=1; padding=0; dilation=1
conv2d,13_static_32x192x28x28_64x192x1x1_32x64x28x28_1_0_1,benchmark/choreo/conv2d/13_static_32x192x28x28_64x192x1x1_32x64x28x28_1_0_1.co,benchmark/triton/conv2d/13_static_32x192x28x28_64x192x1x1_32x64x28x28_1_0_1.py,yes,[32 x 192 x 28 x 28] + [64 x 192 x 1 x 1] -> [32 x 64 x 28 x 28],5,implemented-generated-host-entrypoint,generated-unvalidated,stride=1; padding=0; dilation=1
conv2d,14_mobilenet_128x32x112x112_32x32x3x3_128x32x112x112_S_P_D,benchmark/choreo/conv2d/14_mobilenet_128x32x112x112_32x32x3x3_128x32x112x112_S_P_D.co,benchmark/triton/conv2d/14_mobilenet_128x32x112x112_32x32x3x3_128x32x112x112_S_P_D.py,yes,[128 x 32 x 112 x 112] + [32 x 32 x 3 x 3] -> [128 x 32 x 112 x 112],5,implemented-generated-host-entrypoint,generated-unvalidated,stride=1; padding=1; dilation=1
conv2d,15_resnet_32x256x56x56_64x256x1x1_32x64x56x56_1_0_1,benchmark/choreo/conv2d/15_resnet_32x256x56x56_64x256x1x1_32x64x56x56_1_0_1.co,benchmark/triton/conv2d/15_resnet_32x256x56x56_64x256x1x1_32x64x56x56_1_0_1.py,yes,[32 x 256 x 56 x 56] + [64 x 256 x 1 x 1] -> [32 x 64 x 56 x 56],5,implemented-generated-host-entrypoint,generated-unvalidated,stride=1; padding=0; dilation=1
conv2d,16_resnet_64x3x224x224_64x3x7x7_64x64x112x112_S_P_D,benchmark/choreo/conv2d/16_resnet_64x3x224x224_64x3x7x7_64x64x112x112_S_P_D.co,benchmark/triton/conv2d/16_resnet_64x3x224x224_64x3x7x7_64x64x112x112_S_P_D.py,yes,[64 x 3 x 224 x 224] + [64 x 3 x 7 x 7] -> [64 x 64 x 112 x 112],5,implemented-generated-host-entrypoint,generated-unvalidated,stride=2; padding=3; dilation=1
conv2d,17_static_8x256x64x64_21x256x1x1_8x21x64x64_1_0_1,benchmark/choreo/conv2d/17_static_8x256x64x64_21x256x1x1_8x21x64x64_1_0_1.co,benchmark/triton/conv2d/17_static_8x256x64x64_21x256x1x1_8x21x64x64_1_0_1.py,yes,[8 x 256 x 64 x 64] + [21 x 256 x 1 x 1] -> [8 x 21 x 64 x 64],5,implemented-generated-host-entrypoint,generated-unvalidated,stride=1; padding=0; dilation=1
conv2d,18_unet_16x64x128x128_128x64x3x3_16x128x128x128_S_P_D,benchmark/choreo/conv2d/18_unet_16x64x128x128_128x64x3x3_16x128x128x128_S_P_D.co,benchmark/triton/conv2d/18_unet_16x64x128x128_128x64x3x3_16x128x128x128_S_P_D.py,yes,[16 x 64 x 128 x 128] + [128 x 64 x 3 x 3] -> [16 x 128 x 128 x 128],5,implemented-generated-host-entrypoint,generated-unvalidated,stride=1; padding=1; dilation=1
conv2d,19_vit_32x3x224x224_768x3x16x16_32x768x14x14_16_0_1,benchmark/choreo/conv2d/19_vit_32x3x224x224_768x3x16x16_32x768x14x14_16_0_1.co,benchmark/triton/conv2d/19_vit_32x3x224x224_768x3x16x16_32x768x14x14_16_0_1.py,yes,[32 x 3 x 224 x 224] + [768 x 3 x 16 x 16] -> [32 x 768 x 14 x 14],5,implemented-generated-host-entrypoint,generated-unvalidated,stride=16; padding=0; dilation=1
conv2d,1_attention_32x512xHxW_1024x512x1x1_32x1024xHxW_1_0_1,benchmark/choreo/conv2d/1_attention_32x512xHxW_1024x512x1x1_32x1024xHxW_1_0_1.co,benchmark/triton/conv2d/1_attention_32x512xHxW_1024x512x1x1_32x1024xHxW_1_0_1.py,yes,[32 x 512 x H x W] + [1024 x 512 x 1 x 1] -> [32 x 1024 x H x W],5,implemented-generated-host-entrypoint,generated-unvalidated,stride=1; padding=0; dilation=1
conv2d,20_static_16x1024x13x13_255x1024x1x1_16x255x13x13_1_0_1,benchmark/choreo/conv2d/20_static_16x1024x13x13_255x1024x1x1_16x255x13x13_1_0_1.co,benchmark/triton/conv2d/20_static_16x1024x13x13_255x1024x1x1_16x255x13x13_1_0_1.py,yes,[16 x 1024 x 13 x 13] + [255 x 1024 x 1 x 1] -> [16 x 255 x 13 x 13],5,implemented-generated-host-entrypoint,generated-unvalidated,stride=1; padding=0; dilation=1
conv2d,21_vit_32x768x14x14_1000x768x7x7_32x1000x7x7_S_P_D,benchmark/choreo/conv2d/21_vit_32x768x14x14_1000x768x7x7_32x1000x7x7_S_P_D.co,benchmark/triton/conv2d/21_vit_32x768x14x14_1000x768x7x7_32x1000x7x7_S_P_D.py,yes,[32 x 768 x 14 x 14] + [1000 x 768 x 7 x 7] -> [32 x 1000 x 7 x 7],5,implemented-generated-host-entrypoint,generated-unvalidated,stride=2; padding=3; dilation=1
conv2d,2_dynamic_Nx64x56x56_128x64x3x3_Nx128x56x56_S_P_D,benchmark/choreo/conv2d/2_dynamic_Nx64x56x56_128x64x3x3_Nx128x56x56_S_P_D.co,benchmark/triton/conv2d/2_dynamic_Nx64x56x56_128x64x3x3_Nx128x56x56_S_P_D.py,yes,[N x 64 x 56 x 56] + [128 x 64 x 3 x 3] -> [N x 128 x 56 x 56],5,implemented-generated-host-entrypoint,generated-unvalidated,stride=1; padding=1; dilation=1
conv2d,3_dynamic_16x256xHxW_256x256x3x3_16x256xHxW_S_P_D,benchmark/choreo/conv2d/3_dynamic_16x256xHxW_256x256x3x3_16x256xHxW_S_P_D.co,benchmark/triton/conv2d/3_dynamic_16x256xHxW_256x256x3x3_16x256xHxW_S_P_D.py,yes,[16 x 256 x H x W] + [256 x 256 x 3 x 3] -> [16 x 256 x H x W],5,implemented-generated-host-entrypoint,generated-unvalidated,stride=1; padding=1; dilation=1
conv2d,4_dynamic_32x128xHxW_256x128x3x3_32x256xHxW_S_P_D,benchmark/choreo/conv2d/4_dynamic_32x128xHxW_256x128x3x3_32x256xHxW_S_P_D.co,benchmark/triton/conv2d/4_dynamic_32x128xHxW_256x128x3x3_32x256xHxW_S_P_D.py,yes,[32 x 128 x H x W] + [256 x 128 x 3 x 3] -> [32 x 256 x H x W],5,implemented-generated-host-entrypoint,generated-unvalidated,stride=1; padding=1; dilation=1
conv2d,5_dynamic_128xCx112x112_64xCx1x1_128x64x112x112_1_0_1,benchmark/choreo/conv2d/5_dynamic_128xCx112x112_64xCx1x1_128x64x112x112_1_0_1.co,benchmark/triton/conv2d/5_dynamic_128xCx112x112_64xCx1x1_128x64x112x112_1_0_1.py,yes,[128 x C x 112 x 112] + [64 x C x 1 x 1] -> [128 x 64 x 112 x 112],5,implemented-generated-host-entrypoint,generated-unvalidated,stride=1; padding=0; dilation=1
conv2d,6_dynamic_64x64x56x56_128x64x3x3_64x128x56x56_S_P_D,benchmark/choreo/conv2d/6_dynamic_64x64x56x56_128x64x3x3_64x128x56x56_S_P_D.co,benchmark/triton/conv2d/6_dynamic_64x64x56x56_128x64x3x3_64x128x56x56_S_P_D.py,yes,[64 x 64 x 56 x 56] + [128 x 64 x 3 x 3] -> [64 x 128 x 56 x 56],5,implemented-generated-host-entrypoint,generated-unvalidated,stride=1; padding=1; dilation=1
conv2d,7_dynamic_8x256xHxW_512x256x1x1_8x512xHxW_1_0_1,benchmark/choreo/conv2d/7_dynamic_8x256xHxW_512x256x1x1_8x512xHxW_1_0_1.co,benchmark/triton/conv2d/7_dynamic_8x256xHxW_512x256x1x1_8x512xHxW_1_0_1.py,yes,[8 x 256 x H x W] + [512 x 256 x 1 x 1] -> [8 x 512 x H x W],5,implemented-generated-host-entrypoint,generated-unvalidated,stride=1; padding=0; dilation=1
conv2d,8_dynamic_64x256x28x28_Cx256x3x3_64xCx28x28_S_P_D,benchmark/choreo/conv2d/8_dynamic_64x256x28x28_Cx256x3x3_64xCx28x28_S_P_D.co,benchmark/triton/conv2d/8_dynamic_64x256x28x28_Cx256x3x3_64xCx28x28_S_P_D.py,yes,[64 x 256 x 28 x 28] + [C x 256 x 3 x 3] -> [64 x C x 28 x 28],5,implemented-generated-host-entrypoint,generated-unvalidated,stride=1; padding=1; dilation=1
conv2d,9_dynamic_16x64x224x224_128x64x7x7_16x128x112x112_S_P_D,benchmark/choreo/conv2d/9_dynamic_16x64x224x224_128x64x7x7_16x128x112x112_S_P_D.co,benchmark/triton/conv2d/9_dynamic_16x64x224x224_128x64x7x7_16x128x112x112_S_P_D.py,yes,[16 x 64 x 224 x 224] + [128 x 64 x 7 x 7] -> [16 x 128 x 112 x 112],5,implemented-generated-host-entrypoint,generated-unvalidated,stride=2; padding=3; dilation=1
elemwise_add,10_dynamic_16x512xHxW_16x512xHxW_16x512xHxW,benchmark/choreo/elemwise_add/10_dynamic_16x512xHxW_16x512xHxW_16x512xHxW.co,benchmark/triton/elemwise_add/10_dynamic_16x512xHxW_16x512xHxW_16x512xHxW.py,yes,[16 x 512 x H x W] + [16 x 512 x H x W] -> [16 x 512 x H x W],9,implemented-generated-binary-kernel,compile-pending,Generated Triton binary add entrypoint
elemwise_add,11_dynamic_32xSx768_32xSx768_32xSx768,benchmark/choreo/elemwise_add/11_dynamic_32xSx768_32xSx768_32xSx768.co,benchmark/triton/elemwise_add/11_dynamic_32xSx768_32xSx768_32xSx768.py,yes,[32 x S x 768] + [32 x S x 768] -> [32 x S x 768],9,implemented-generated-binary-kernel,compile-pending,Generated Triton binary add entrypoint
elemwise_add,12_dynamic_64xTx256_64xTx256_64xTx256,benchmark/choreo/elemwise_add/12_dynamic_64xTx256_64xTx256_64xTx256.co,benchmark/triton/elemwise_add/12_dynamic_64xTx256_64xTx256_64xTx256.py,yes,[64 x T x 256] + [64 x T x 256] -> [64 x T x 256],9,implemented-generated-binary-kernel,compile-pending,Generated Triton binary add entrypoint
elemwise_add,13_dynamic_32x512xV_32x512xV_32x512xV,benchmark/choreo/elemwise_add/13_dynamic_32x512xV_32x512xV_32x512xV.co,benchmark/triton/elemwise_add/13_dynamic_32x512xV_32x512xV_32x512xV.py,yes,[32 x 512 x V] + [32 x 512 x V] -> [32 x 512 x V],9,implemented-generated-binary-kernel,compile-pending,Generated Triton binary add entrypoint
elemwise_add,14_efficientnet_64x1280x7x7_64x1280x7x7_64x1280x7x7,benchmark/choreo/elemwise_add/14_efficientnet_64x1280x7x7_64x1280x7x7_64x1280x7x7.co,benchmark/triton/elemwise_add/14_efficientnet_64x1280x7x7_64x1280x7x7_64x1280x7x7.py,yes,[64 x 1280 x 7 x 7] + [64 x 1280 x 7 x 7] -> [64 x 1280 x 7 x 7],9,implemented-generated-binary-kernel,compile-pending,Generated Triton binary add entrypoint
elemwise_add,15_gpt_16x1024x4096_16x1024x4096_16x1024x4096,benchmark/choreo/elemwise_add/15_gpt_16x1024x4096_16x1024x4096_16x1024x4096.co,benchmark/triton/elemwise_add/15_gpt_16x1024x4096_16x1024x4096_16x1024x4096.py,yes,[16 x 1024 x 4096] + [16 x 1024 x 4096] -> [16 x 1024 x 4096],9,implemented-generated-binary-kernel,compile-pending,Generated Triton binary add entrypoint
elemwise_add,16_lstm_64x100x256_64x100x256_64x100x256,benchmark/choreo/elemwise_add/16_lstm_64x100x256_64x100x256_64x100x256.co,benchmark/triton/elemwise_add/16_lstm_64x100x256_64x100x256_64x100x256.py,yes,[64 x 100 x 256] + [64 x 100 x 256] -> [64 x 100 x 256],9,implemented-generated-binary-kernel,compile-pending,Generated Triton binary add entrypoint
elemwise_add,17_mobilenet_128x96x112x112_128x96x112x112_128x96x112x112,benchmark/choreo/elemwise_add/17_mobilenet_128x96x112x112_128x96x112x112_128x96x112x112.co,benchmark/triton/elemwise_add/17_mobilenet_128x96x112x112_128x96x112x112_128x96x112x112.py,yes,[128 x 96 x 112 x 112] + [128 x 96 x 112 x 112] -> [128 x 96 x 112 x 112],9,implemented-generated-binary-kernel,compile-pending,Generated Triton binary add entrypoint
elemwise_add,18_resnet_64x256x56x56_64x256x56x56_64x256x56x56,benchmark/choreo/elemwise_add/18_resnet_64x256x56x56_64x256x56x56_64x256x56x56.co,benchmark/triton/elemwise_add/18_resnet_64x256x56x56_64x256x56x56_64x256x56x56.py,yes,[64 x 256 x 56 x 56] + [64 x 256 x 56 x 56] -> [64 x 256 x 56 x 56],9,implemented-generated-binary-kernel,compile-pending,Generated Triton binary add entrypoint
elemwise_add,19_transformer_32x512x2048_32x512x2048_32x512x2048,benchmark/choreo/elemwise_add/19_transformer_32x512x2048_32x512x2048_32x512x2048.co,benchmark/triton/elemwise_add/19_transformer_32x512x2048_32x512x2048_32x512x2048.py,yes,[32 x 512 x 2048] + [32 x 512 x 2048] -> [32 x 512 x 2048],9,implemented-generated-binary-kernel,compile-pending,Generated Triton binary add entrypoint
elemwise_add,1_bert_32x512x768_32x512x768_32x512x768,benchmark/choreo/elemwise_add/1_bert_32x512x768_32x512x768_32x512x768.co,benchmark/triton/elemwise_add/1_bert_32x512x768_32x512x768_32x512x768.py,yes,[32 x 512 x 768] + [32 x 512 x 768] -> [32 x 512 x 768],9,implemented-generated-binary-kernel,compile-pending,Generated Triton binary add entrypoint
elemwise_add,20_unet_16x512x32x32_16x512x32x32_16x512x32x32,benchmark/choreo/elemwise_add/20_unet_16x512x32x32_16x512x32x32_16x512x32x32.co,benchmark/triton/elemwise_add/20_unet_16x512x32x32_16x512x32x32_16x512x32x32.py,yes,[16 x 512 x 32 x 32] + [16 x 512 x 32 x 32] -> [16 x 512 x 32 x 32],9,implemented-generated-binary-kernel,compile-pending,Generated Triton binary add entrypoint
elemwise_add,21_vit_32x197x768_32x197x768_32x197x768,benchmark/choreo/elemwise_add/21_vit_32x197x768_32x197x768_32x197x768.co,benchmark/triton/elemwise_add/21_vit_32x197x768_32x197x768_32x197x768.py,yes,[32 x 197 x 768] + [32 x 197 x 768] -> [32 x 197 x 768],9,implemented-generated-binary-kernel,compile-pending,Generated Triton binary add entrypoint
elemwise_add,2_broadcast_128x256x28x28_256_128x256x28x28,benchmark/choreo/elemwise_add/2_broadcast_128x256x28x28_256_128x256x28x28.co,benchmark/triton/elemwise_add/2_broadcast_128x256x28x28_256_128x256x28x28.py,yes,[128 x 256 x 28 x 28] + 256 -> [128 x 256 x 28 x 28],8,implemented-generated-binary-kernel,compile-pending,Generated Triton binary add entrypoint
elemwise_add,3_broadcast_32x512x768_1_32x512x768,benchmark/choreo/elemwise_add/3_broadcast_32x512x768_1_32x512x768.co,benchmark/triton/elemwise_add/3_broadcast_32x512x768_1_32x512x768.py,yes,[32 x 512 x 768] + 1 -> [32 x 512 x 768],8,implemented-generated-binary-kernel,compile-pending,Generated Triton binary add entrypoint
elemwise_add,4_attention_32xNx512x64_32xNx512x64_32xNx512x64,benchmark/choreo/elemwise_add/4_attention_32xNx512x64_32xNx512x64_32xNx512x64.co,benchmark/triton/elemwise_add/4_attention_32xNx512x64_32xNx512x64_32xNx512x64.py,yes,[32 x N x 512 x 64] + [32 x N x 512 x 64] -> [32 x N x 512 x 64],9,implemented-generated-binary-kernel,compile-pending,Generated Triton binary add entrypoint
elemwise_add,5_dynamic_Nx256x56x56_Nx256x56x56_Nx256x56x56,benchmark/choreo/elemwise_add/5_dynamic_Nx256x56x56_Nx256x56x56_Nx256x56x56.co,benchmark/triton/elemwise_add/5_dynamic_Nx256x56x56_Nx256x56x56_Nx256x56x56.py,yes,[N x 256 x 56 x 56] + [N x 256 x 56 x 56] -> [N x 256 x 56 x 56],9,implemented-generated-binary-kernel,compile-pending,Generated Triton binary add entrypoint
elemwise_add,6_dynamic_Nx1280xMxK_Nx1280x1x1_Nx1280xMxK,benchmark/choreo/elemwise_add/6_dynamic_Nx1280xMxK_Nx1280x1x1_Nx1280xMxK.co,benchmark/triton/elemwise_add/6_dynamic_Nx1280xMxK_Nx1280x1x1_Nx1280xMxK.py,yes,[N x 1280 x M x K] + [N x 1280 x 1 x 1] -> [N x 1280 x M x K],9,implemented-generated-binary-kernel,compile-pending,Generated Triton binary add entrypoint
elemwise_add,7_dynamic_128xCx112x112_128xCx112x112_128xCx112x112,benchmark/choreo/elemwise_add/7_dynamic_128xCx112x112_128xCx112x112_128xCx112x112.co,benchmark/triton/elemwise_add/7_dynamic_128xCx112x112_128xCx112x112_128xCx112x112.py,yes,[128 x C x 112 x 112] + [128 x C x 112 x 112] -> [128 x C x 112 x 112],9,implemented-generated-binary-kernel,compile-pending,Generated Triton binary add entrypoint
elemwise_add,8_dynamic_16x1024xD_16x1024xD_16x1024xD,benchmark/choreo/elemwise_add/8_dynamic_16x1024xD_16x1024xD_16x1024xD.co,benchmark/triton/elemwise_add/8_dynamic_16x1024xD_16x1024xD_16x1024xD.py,yes,[16 x 1024 x D] + [16 x 1024 x D] -> [16 x 1024 x D],9,implemented-generated-binary-kernel,compile-pending,Generated Triton binary add entrypoint
elemwise_add,9_dynamic_64x128xWxH_64x128xWxH_64x128xWxH,benchmark/choreo/elemwise_add/9_dynamic_64x128xWxH_64x128xWxH_64x128xWxH.co,benchmark/triton/elemwise_add/9_dynamic_64x128xWxH_64x128xWxH_64x128xWxH.py,yes,[64 x 128 x W x H] + [64 x 128 x W x H] -> [64 x 128 x W x H],9,implemented-generated-binary-kernel,compile-pending,Generated Triton binary add entrypoint
embedding,10_dynamic_32xS_Vx768_32xSx768,benchmark/choreo/embedding/10_dynamic_32xS_Vx768_32xSx768.co,benchmark/triton/embedding/10_dynamic_32xS_Vx768_32xSx768.py,yes,[32 x S] + [V x 768] -> [32 x S x 768],5,implemented-generated-host-entrypoint,generated-unvalidated,Generated concrete host-backed entrypoint
embedding,11_dynamic_64xN_40000x512_64xNx512,benchmark/choreo/embedding/11_dynamic_64xN_40000x512_64xNx512.co,benchmark/triton/embedding/11_dynamic_64xN_40000x512_64xNx512.py,yes,[64 x N] + [40000 x 512] -> [64 x N x 512],5,implemented-generated-host-entrypoint,generated-unvalidated,Generated concrete host-backed entrypoint
embedding,12_dynamic_64x256_VxD_64x256xD,benchmark/choreo/embedding/12_dynamic_64x256_VxD_64x256xD.co,benchmark/triton/embedding/12_dynamic_64x256_VxD_64x256xD.py,yes,[64 x 256] + [V x D] -> [64 x 256 x D],5,implemented-generated-host-entrypoint,generated-unvalidated,Generated concrete host-backed entrypoint
embedding,13_dynamic_NxW_30522x768_NxWx768,benchmark/choreo/embedding/13_dynamic_NxW_30522x768_NxWx768.co,benchmark/triton/embedding/13_dynamic_NxW_30522x768_NxWx768.py,yes,[N x W] + [30522 x 768] -> [N x W x 768],5,implemented-generated-host-entrypoint,generated-unvalidated,Generated concrete host-backed entrypoint
embedding,14_gpt_16x1024_50257x1024_16x1024x1024,benchmark/choreo/embedding/14_gpt_16x1024_50257x1024_16x1024x1024.co,benchmark/triton/embedding/14_gpt_16x1024_50257x1024_16x1024x1024.py,yes,[16 x 1024] + [50257 x 1024] -> [16 x 1024 x 1024],5,implemented-generated-host-entrypoint,generated-unvalidated,Generated concrete host-backed entrypoint
embedding,15_bert_32x512_30522x768_32x512x768,benchmark/choreo/embedding/15_bert_32x512_30522x768_32x512x768.co,benchmark/triton/embedding/15_bert_32x512_30522x768_32x512x768.py,yes,[32 x 512] + [30522 x 768] -> [32 x 512 x 768],5,implemented-generated-host-entrypoint,generated-unvalidated,Generated concrete host-backed entrypoint
embedding,16_general_64x256_20000x512_64x256x512,benchmark/choreo/embedding/16_general_64x256_20000x512_64x256x512.co,benchmark/triton/embedding/16_general_64x256_20000x512_64x256x512.py,yes,[64 x 256] + [20000 x 512] -> [64 x 256 x 512],5,implemented-generated-host-entrypoint,generated-unvalidated,Generated concrete host-backed entrypoint
embedding,17_general_16x512_25000x768_16x512x768,benchmark/choreo/embedding/17_general_16x512_25000x768_16x512x768.co,benchmark/triton/embedding/17_general_16x512_25000x768_16x512x768.py,yes,[16 x 512] + [25000 x 768] -> [16 x 512 x 768],5,implemented-generated-host-entrypoint,generated-unvalidated,Generated concrete host-backed entrypoint
embedding,18_transformer_32x512_32000x512_32x512x512,benchmark/choreo/embedding/18_transformer_32x512_32000x512_32x512x512.co,benchmark/triton/embedding/18_transformer_32x512_32000x512_32x512x512.py,yes,[32 x 512] + [32000 x 512] -> [32 x 512 x 512],5,implemented-generated-host-entrypoint,generated-unvalidated,Generated concrete host-backed entrypoint
embedding,19_vit_32x197_1000x768_32x197x768,benchmark/choreo/embedding/19_vit_32x197_1000x768_32x197x768.co,benchmark/triton/embedding/19_vit_32x197_1000x768_32x197x768.py,yes,[32 x 197] + [1000 x 768] -> [32 x 197 x 768],5,implemented-generated-host-entrypoint,generated-unvalidated,Generated concrete host-backed entrypoint
embedding,1_bert_32x512_30522x768_32x512x768,benchmark/choreo/embedding/1_bert_32x512_30522x768_32x512x768.co,benchmark/triton/embedding/1_bert_32x512_30522x768_32x512x768.py,yes,[32 x 512] + [30522 x 768] -> [32 x 512 x 768],5,implemented-generated-host-entrypoint,generated-unvalidated,Generated concrete host-backed entrypoint
embedding,20_general_64x100_10000x300_64x100x300,benchmark/choreo/embedding/20_general_64x100_10000x300_64x100x300.co,benchmark/triton/embedding/20_general_64x100_10000x300_64x100x300.py,yes,[64 x 100] + [10000 x 300] -> [64 x 100 x 300],5,implemented-generated-host-entrypoint,generated-unvalidated,Generated concrete host-backed entrypoint
embedding,2_general_128x50_10000x128_128x50x128,benchmark/choreo/embedding/2_general_128x50_10000x128_128x50x128.co,benchmark/triton/embedding/2_general_128x50_10000x128_128x50x128.py,yes,[128 x 50] + [10000 x 128] -> [128 x 50 x 128],5,implemented-generated-host-entrypoint,generated-unvalidated,Generated concrete host-backed entrypoint
embedding,3_cnn_128x1000_50000x256_128x1000x256,benchmark/choreo/embedding/3_cnn_128x1000_50000x256_128x1000x256.co,benchmark/triton/embedding/3_cnn_128x1000_50000x256_128x1000x256.py,yes,[128 x 1000] + [50000 x 256] -> [128 x 1000 x 256],5,implemented-generated-host-entrypoint,generated-unvalidated,Generated concrete host-backed entrypoint
embedding,4_dynamic_Nx512_Vx768_Nx512x768,benchmark/choreo/embedding/4_dynamic_Nx512_Vx768_Nx512x768.co,benchmark/triton/embedding/4_dynamic_Nx512_Vx768_Nx512x768.py,yes,[N x 512] + [V x 768] -> [N x 512 x 768],5,implemented-generated-host-entrypoint,generated-unvalidated,Generated concrete host-backed entrypoint
embedding,5_dynamic_32xN_50000x1024_32xNx1024,benchmark/choreo/embedding/5_dynamic_32xN_50000x1024_32xNx1024.co,benchmark/triton/embedding/5_dynamic_32xN_50000x1024_32xNx1024.py,yes,[32 x N] + [50000 x 1024] -> [32 x N x 1024],5,implemented-generated-host-entrypoint,generated-unvalidated,Generated concrete host-backed entrypoint
embedding,6_dynamic_16xN_256x128_16xNx128,benchmark/choreo/embedding/6_dynamic_16xN_256x128_16xNx128.co,benchmark/triton/embedding/6_dynamic_16xN_256x128_16xNx128.py,yes,[16 x N] + [256 x 128] -> [16 x N x 128],5,implemented-generated-host-entrypoint,generated-unvalidated,Generated concrete host-backed entrypoint
embedding,7_dynamic_128xS_30522x768_128xSx768,benchmark/choreo/embedding/7_dynamic_128xS_30522x768_128xSx768.co,benchmark/triton/embedding/7_dynamic_128xS_30522x768_128xSx768.py,yes,[128 x S] + [30522 x 768] -> [128 x S x 768],5,implemented-generated-host-entrypoint,generated-unvalidated,Generated concrete host-backed entrypoint
embedding,8_dynamic_16xN_512x768_128xSx768,benchmark/choreo/embedding/8_dynamic_16xN_512x768_128xSx768.co,benchmark/triton/embedding/8_dynamic_16xN_512x768_128xSx768.py,no,[16 x N] + [512 x 768] -> [128 x S x 768],0,generated-contract-mismatch,excluded-invalid-contract,contract-invalid 8_dynamic_16xN_512x768_128xSx768: embedding output leading dimensions must match ids
embedding,9_dynamic_32xN_32000x768_32xNx768,benchmark/choreo/embedding/9_dynamic_32xN_32000x768_32xNx768.co,benchmark/triton/embedding/9_dynamic_32xN_32000x768_32xNx768.py,yes,[32 x N] + [32000 x 768] -> [32 x N x 768],5,implemented-generated-host-entrypoint,generated-unvalidated,Generated concrete host-backed entrypoint
gelu,10_dynamic_16x512xHxW,benchmark/choreo/gelu/10_dynamic_16x512xHxW.co,benchmark/triton/gelu/10_dynamic_16x512xHxW.py,yes,[16 x 512 x H x W] -> [16 x 512 x H x W],7,implemented-generated-unary-kernel,compile-pending,Generated Triton unary kernel entrypoint
gelu,11_dynamic_32xSx768,benchmark/choreo/gelu/11_dynamic_32xSx768.co,benchmark/triton/gelu/11_dynamic_32xSx768.py,yes,[32 x S x 768] -> [32 x S x 768],7,implemented-generated-unary-kernel,compile-pending,Generated Triton unary kernel entrypoint
gelu,12_dynamic_64xTx256,benchmark/choreo/gelu/12_dynamic_64xTx256.co,benchmark/triton/gelu/12_dynamic_64xTx256.py,yes,[64 x T x 256] -> [64 x T x 256],7,implemented-generated-unary-kernel,compile-pending,Generated Triton unary kernel entrypoint
gelu,13_dynamic_32x512xV,benchmark/choreo/gelu/13_dynamic_32x512xV.co,benchmark/triton/gelu/13_dynamic_32x512xV.py,yes,[32 x 512 x V] -> [32 x 512 x V],7,implemented-generated-unary-kernel,compile-pending,Generated Triton unary kernel entrypoint
gelu,14_efficientnet_64x1280x7x7,benchmark/choreo/gelu/14_efficientnet_64x1280x7x7.co,benchmark/triton/gelu/14_efficientnet_64x1280x7x7.py,yes,[64 x 1280 x 7 x 7] -> [64 x 1280 x 7 x 7],7,implemented-generated-unary-kernel,compile-pending,Generated Triton unary kernel entrypoint
gelu,15_gpt_16x1024x4096,benchmark/choreo/gelu/15_gpt_16x1024x4096.co,benchmark/triton/gelu/15_gpt_16x1024x4096.py,yes,[16 x 1024 x 4096] -> [16 x 1024 x 4096],7,implemented-generated-unary-kernel,compile-pending,Generated Triton unary kernel entrypoint
gelu,16_lstm_64x100x256,benchmark/choreo/gelu/16_lstm_64x100x256.co,benchmark/triton/gelu/16_lstm_64x100x256.py,yes,[64 x 100 x 256] -> [64 x 100 x 256],7,implemented-generated-unary-kernel,compile-pending,Generated Triton unary kernel entrypoint
gelu,17_mobilenet_128x96x112x112,benchmark/choreo/gelu/17_mobilenet_128x96x112x112.co,benchmark/triton/gelu/17_mobilenet_128x96x112x112.py,yes,[128 x 96 x 112 x 112] -> [128 x 96 x 112 x 112],7,implemented-generated-unary-kernel,compile-pending,Generated Triton unary kernel entrypoint
gelu,18_resnet_64x256x56x56,benchmark/choreo/gelu/18_resnet_64x256x56x56.co,benchmark/triton/gelu/18_resnet_64x256x56x56.py,yes,[64 x 256 x 56 x 56] -> [64 x 256 x 56 x 56],7,implemented-generated-unary-kernel,compile-pending,Generated Triton unary kernel entrypoint
gelu,19_transformer_32x512x2048,benchmark/choreo/gelu/19_transformer_32x512x2048.co,benchmark/triton/gelu/19_transformer_32x512x2048.py,yes,[32 x 512 x 2048] -> [32 x 512 x 2048],7,implemented-generated-unary-kernel,compile-pending,Generated Triton unary kernel entrypoint
gelu,1_bert_32x512x768,benchmark/choreo/gelu/1_bert_32x512x768.co,benchmark/triton/gelu/1_bert_32x512x768.py,yes,[32 x 512 x 768] -> [32 x 512 x 768],7,implemented-generated-unary-kernel,compile-pending,Generated Triton unary kernel entrypoint
gelu,20_unet_16x512x32x32,benchmark/choreo/gelu/20_unet_16x512x32x32.co,benchmark/triton/gelu/20_unet_16x512x32x32.py,yes,[16 x 512 x 32 x 32] -> [16 x 512 x 32 x 32],7,implemented-generated-unary-kernel,compile-pending,Generated Triton unary kernel entrypoint
gelu,21_vit_32x197x3072,benchmark/choreo/gelu/21_vit_32x197x3072.co,benchmark/triton/gelu/21_vit_32x197x3072.py,yes,[32 x 197 x 3072] -> [32 x 197 x 3072],7,implemented-generated-unary-kernel,compile-pending,Generated Triton unary kernel entrypoint
gelu,2_cnn_128x128x28x28,benchmark/choreo/gelu/2_cnn_128x128x28x28.co,benchmark/triton/gelu/2_cnn_128x128x28x28.py,yes,[128 x 128 x 28 x 28] -> [128 x 128 x 28 x 28],7,implemented-generated-unary-kernel,compile-pending,Generated Triton unary kernel entrypoint
gelu,3_attention_32xNx512x64,benchmark/choreo/gelu/3_attention_32xNx512x64.co,benchmark/triton/gelu/3_attention_32xNx512x64.py,yes,[32 x N x 512 x 64] -> [32 x N x 512 x 64],7,implemented-generated-unary-kernel,compile-pending,Generated Triton unary kernel entrypoint
gelu,4_dynamic_Nx256x56x56,benchmark/choreo/gelu/4_dynamic_Nx256x56x56.co,benchmark/triton/gelu/4_dynamic_Nx256x56x56.py,yes,[N x 256 x 56 x 56] -> [N x 256 x 56 x 56],7,implemented-generated-unary-kernel,compile-pending,Generated Triton unary kernel entrypoint
gelu,5_dynamic_Nx1280xHxW,benchmark/choreo/gelu/5_dynamic_Nx1280xHxW.co,benchmark/triton/gelu/5_dynamic_Nx1280xHxW.py,yes,[N x 1280 x H x W] -> [N x 1280 x H x W],7,implemented-generated-unary-kernel,compile-pending,Generated Triton unary kernel entrypoint
gelu,6_dynamic_128xCx112x112,benchmark/choreo/gelu/6_dynamic_128xCx112x112.co,benchmark/triton/gelu/6_dynamic_128xCx112x112.py,yes,[128 x C x 112 x 112] -> [128 x C x 112 x 112],7,implemented-generated-unary-kernel,compile-pending,Generated Triton unary kernel entrypoint
gelu,7_dynamic_32x197xD,benchmark/choreo/gelu/7_dynamic_32x197xD.co,benchmark/triton/gelu/7_dynamic_32x197xD.py,yes,[32 x 197 x D] -> [32 x 197 x D],7,implemented-generated-unary-kernel,compile-pending,Generated Triton unary kernel entrypoint
gelu,8_dynamic_16x1024xD,benchmark/choreo/gelu/8_dynamic_16x1024xD.co,benchmark/triton/gelu/8_dynamic_16x1024xD.py,yes,[16 x 1024 x D] -> [16 x 1024 x D],7,implemented-generated-unary-kernel,compile-pending,Generated Triton unary kernel entrypoint
gelu,9_dynamic_64x128xHxW,benchmark/choreo/gelu/9_dynamic_64x128xHxW.co,benchmark/triton/gelu/9_dynamic_64x128xHxW.py,yes,[64 x 128 x H x W] -> [64 x 128 x H x W],7,implemented-generated-unary-kernel,compile-pending,Generated Triton unary kernel entrypoint
layer_normalization,10_dynamic_16x512xHxW_HxW_HxW,benchmark/choreo/layer_normalization/10_dynamic_16x512xHxW_HxW_HxW.co,benchmark/triton/layer_normalization/10_dynamic_16x512xHxW_HxW_HxW.py,yes,[16 x 512 x H x W] + [H x W] + [H x W] -> [16 x 512 x H x W],5,implemented-generated-host-entrypoint,generated-unvalidated,Generated concrete host-backed entrypoint
layer_normalization,11_dynamic_32xSx768_768_768,benchmark/choreo/layer_normalization/11_dynamic_32xSx768_768_768.co,benchmark/triton/layer_normalization/11_dynamic_32xSx768_768_768.py,yes,[32 x S x 768] + [768] + [768] -> [32 x S x 768],5,implemented-generated-host-entrypoint,generated-unvalidated,Generated concrete host-backed entrypoint
layer_normalization,12_dynamic_64xTx256_256_256,benchmark/choreo/layer_normalization/12_dynamic_64xTx256_256_256.co,benchmark/triton/layer_normalization/12_dynamic_64xTx256_256_256.py,yes,[64 x T x 256] + [256] + [256] -> [64 x T x 256],5,implemented-generated-host-entrypoint,generated-unvalidated,Generated concrete host-backed entrypoint
layer_normalization,13_dynamic_32x512xV_V_V,benchmark/choreo/layer_normalization/13_dynamic_32x512xV_V_V.co,benchmark/triton/layer_normalization/13_dynamic_32x512xV_V_V.py,yes,[32 x 512 x V] + [V] + [V] -> [32 x 512 x V],5,implemented-generated-host-entrypoint,generated-unvalidated,Generated concrete host-backed entrypoint
layer_normalization,14_efficientnet_64x1280x7x7_7x7_7x7,benchmark/choreo/layer_normalization/14_efficientnet_64x1280x7x7_7x7_7x7.co,benchmark/triton/layer_normalization/14_efficientnet_64x1280x7x7_7x7_7x7.py,yes,[64 x 1280 x 7 x 7] + [7 x 7] + [7 x 7] -> [64 x 1280 x 7 x 7],5,implemented-generated-host-entrypoint,generated-unvalidated,Generated concrete host-backed entrypoint
layer_normalization,15_gpt_16x1024x4096_4096_4096,benchmark/choreo/layer_normalization/15_gpt_16x1024x4096_4096_4096.co,benchmark/triton/layer_normalization/15_gpt_16x1024x4096_4096_4096.py,yes,[16 x 1024 x 4096] + [4096] + [4096] -> [16 x 1024 x 4096],5,implemented-generated-host-entrypoint,generated-unvalidated,Generated concrete host-backed entrypoint
layer_normalization,16_lstm_64x100x256_256_256,benchmark/choreo/layer_normalization/16_lstm_64x100x256_256_256.co,benchmark/triton/layer_normalization/16_lstm_64x100x256_256_256.py,yes,[64 x 100 x 256] + [256] + [256] -> [64 x 100 x 256],5,implemented-generated-host-entrypoint,generated-unvalidated,Generated concrete host-backed entrypoint
layer_normalization,17_mobilenet_128x96x112x112_112x112_112x112,benchmark/choreo/layer_normalization/17_mobilenet_128x96x112x112_112x112_112x112.co,benchmark/triton/layer_normalization/17_mobilenet_128x96x112x112_112x112_112x112.py,yes,[128 x 96 x 112 x 112] + [112 x 112] + [112 x 112] -> [128 x 96 x 112 x 112],5,implemented-generated-host-entrypoint,generated-unvalidated,Generated concrete host-backed entrypoint
layer_normalization,18_resnet_64x256x56x56_56x56_56x56,benchmark/choreo/layer_normalization/18_resnet_64x256x56x56_56x56_56x56.co,benchmark/triton/layer_normalization/18_resnet_64x256x56x56_56x56_56x56.py,yes,[64 x 256 x 56 x 56] + [56 x 56] + [56 x 56] -> [64 x 256 x 56 x 56],5,implemented-generated-host-entrypoint,generated-unvalidated,Generated concrete host-backed entrypoint
layer_normalization,19_transformer_32x512x2048_2048_2048,benchmark/choreo/layer_normalization/19_transformer_32x512x2048_2048_2048.co,benchmark/triton/layer_normalization/19_transformer_32x512x2048_2048_2048.py,yes,[32 x 512 x 2048] + [2048] + [2048] -> [32 x 512 x 2048],5,implemented-generated-host-entrypoint,generated-unvalidated,Generated concrete host-backed entrypoint
layer_normalization,1_bert_32x512x768_768_768,benchmark/choreo/layer_normalization/1_bert_32x512x768_768_768.co,benchmark/triton/layer_normalization/1_bert_32x512x768_768_768.py,yes,[32 x 512 x 768] + [768] + [768] -> [32 x 512 x 768],5,implemented-generated-host-entrypoint,generated-unvalidated,Generated concrete host-backed entrypoint
layer_normalization,20_unet_16x512x32x32_32x32_32x32,benchmark/choreo/layer_normalization/20_unet_16x512x32x32_32x32_32x32.co,benchmark/triton/layer_normalization/20_unet_16x512x32x32_32x32_32x32.py,yes,[16 x 512 x 32 x 32] + [32 x 32] + [32 x 32] -> [16 x 512 x 32 x 32],5,implemented-generated-host-entrypoint,generated-unvalidated,Generated concrete host-backed entrypoint
layer_normalization,21_vit_32x197x3072_3072_3072,benchmark/choreo/layer_normalization/21_vit_32x197x3072_3072_3072.co,benchmark/triton/layer_normalization/21_vit_32x197x3072_3072_3072.py,yes,[32 x 197 x 3072] + [3072] + [3072] -> [32 x 197 x 3072],5,implemented-generated-host-entrypoint,generated-unvalidated,Generated concrete host-backed entrypoint
layer_normalization,2_cnn_128x128x28x28_28x28_28x28,benchmark/choreo/layer_normalization/2_cnn_128x128x28x28_28x28_28x28.co,benchmark/triton/layer_normalization/2_cnn_128x128x28x28_28x28_28x28.py,yes,[128 x 128 x 28 x 28] + [28 x 28] + [28 x 28] -> [128 x 128 x 28 x 28],5,implemented-generated-host-entrypoint,generated-unvalidated,Generated concrete host-backed entrypoint
layer_normalization,3_attention_32xNx512x64_64_64,benchmark/choreo/layer_normalization/3_attention_32xNx512x64_64_64.co,benchmark/triton/layer_normalization/3_attention_32xNx512x64_64_64.py,yes,[32 x N x 512 x 64] + [64] + [64] -> [32 x N x 512 x 64],5,implemented-generated-host-entrypoint,generated-unvalidated,Generated concrete host-backed entrypoint
layer_normalization,4_dynamic_Nx256x56x56_56x56_56x56,benchmark/choreo/layer_normalization/4_dynamic_Nx256x56x56_56x56_56x56.co,benchmark/triton/layer_normalization/4_dynamic_Nx256x56x56_56x56_56x56.py,yes,[N x 256 x 56 x 56] + [56 x 56] + [56 x 56] -> [N x 256 x 56 x 56],5,implemented-generated-host-entrypoint,generated-unvalidated,Generated concrete host-backed entrypoint
layer_normalization,5_dynamic_Nx1280xMxK_MxK_MxK,benchmark/choreo/layer_normalization/5_dynamic_Nx1280xMxK_MxK_MxK.co,benchmark/triton/layer_normalization/5_dynamic_Nx1280xMxK_MxK_MxK.py,yes,[N x 1280 x M x K] + [M x K] + [M x K] -> [N x 1280 x M x K],5,implemented-generated-host-entrypoint,generated-unvalidated,Generated concrete host-backed entrypoint
layer_normalization,6_dynamic_128xCx112x112_112x112_112x112,benchmark/choreo/layer_normalization/6_dynamic_128xCx112x112_112x112_112x112.co,benchmark/triton/layer_normalization/6_dynamic_128xCx112x112_112x112_112x112.py,yes,[128 x C x 112 x 112] + [112 x 112] + [112 x 112] -> [128 x C x 112 x 112],5,implemented-generated-host-entrypoint,generated-unvalidated,Generated concrete host-backed entrypoint
layer_normalization,7_dynamic_32x197xD_D_D,benchmark/choreo/layer_normalization/7_dynamic_32x197xD_D_D.co,benchmark/triton/layer_normalization/7_dynamic_32x197xD_D_D.py,yes,[32 x 197 x D] + [D] + [D] -> [32 x 197 x D],5,implemented-generated-host-entrypoint,generated-unvalidated,Generated concrete host-backed entrypoint
layer_normalization,8_dynamic_16x1024xD_D_D,benchmark/choreo/layer_normalization/8_dynamic_16x1024xD_D_D.co,benchmark/triton/layer_normalization/8_dynamic_16x1024xD_D_D.py,yes,[16 x 1024 x D] + [D] + [D] -> [16 x 1024 x D],5,implemented-generated-host-entrypoint,generated-unvalidated,Generated concrete host-backed entrypoint
layer_normalization,9_dynamic_64x128xHxW_HxW_HxW,benchmark/choreo/layer_normalization/9_dynamic_64x128xHxW_HxW_HxW.co,benchmark/triton/layer_normalization/9_dynamic_64x128xHxW_HxW_HxW.py,yes,[64 x 128 x H x W] + [H x W] + [H x W] -> [64 x 128 x H x W],5,implemented-generated-host-entrypoint,generated-unvalidated,Generated concrete host-backed entrypoint
matmul,10_dynamic_128x1280_1280xN_128xN,benchmark/choreo/matmul/10_dynamic_128x1280_1280xN_128xN.co,benchmark/triton/matmul/10_dynamic_128x1280_1280xN_128xN.py,yes,[128 x 1280] + [1280 x N] -> [128 x N],5,implemented-generated-host-entrypoint,generated-unvalidated,Generated concrete host-backed entrypoint
matmul,11_dynamic_32xSx768_768x768_32xSx768,benchmark/choreo/matmul/11_dynamic_32xSx768_768x768_32xSx768.co,benchmark/triton/matmul/11_dynamic_32xSx768_768x768_32xSx768.py,yes,[32 x S x 768] + [768 x 768] -> [32 x S x 768],5,implemented-generated-host-entrypoint,generated-unvalidated,Generated concrete host-backed entrypoint
matmul,12_dynamic_64xTx256_256x128_64xTx128,benchmark/choreo/matmul/12_dynamic_64xTx256_256x128_64xTx128.co,benchmark/triton/matmul/12_dynamic_64xTx256_256x128_64xTx128.py,yes,[64 x T x 256] + [256 x 128] -> [64 x T x 128],5,implemented-generated-host-entrypoint,generated-unvalidated,Generated concrete host-backed entrypoint
matmul,13_dynamic_32x512xV_Vx768_32x512x768,benchmark/choreo/matmul/13_dynamic_32x512xV_Vx768_32x512x768.co,benchmark/triton/matmul/13_dynamic_32x512xV_Vx768_32x512x768.py,yes,[32 x 512 x V] + [V x 768] -> [32 x 512 x 768],5,implemented-generated-host-entrypoint,generated-unvalidated,Generated concrete host-backed entrypoint
matmul,14_efficientnet_64x1280_1280x1000_64x1000,benchmark/choreo/matmul/14_efficientnet_64x1280_1280x1000_64x1000.co,benchmark/triton/matmul/14_efficientnet_64x1280_1280x1000_64x1000.py,yes,[64 x 1280] + [1280 x 1000] -> [64 x 1000],5,implemented-generated-host-entrypoint,generated-unvalidated,Generated concrete host-backed entrypoint
matmul,15_gpt_16x1024x1536_1536x6144_16x1024x6144,benchmark/choreo/matmul/15_gpt_16x1024x1536_1536x6144_16x1024x6144.co,benchmark/triton/matmul/15_gpt_16x1024x1536_1536x6144_16x1024x6144.py,yes,[16 x 1024 x 1536] + [1536 x 6144] -> [16 x 1024 x 6144],5,implemented-generated-host-entrypoint,generated-unvalidated,Generated concrete host-backed entrypoint
matmul,16_lstm_64x100x300_300x256_64x100x256,benchmark/choreo/matmul/16_lstm_64x100x300_300x256_64x100x256.co,benchmark/triton/matmul/16_lstm_64x100x300_300x256_64x100x256.py,yes,[64 x 100 x 300] + [300 x 256] -> [64 x 100 x 256],5,implemented-generated-host-entrypoint,generated-unvalidated,Generated concrete host-backed entrypoint
matmul,17_general_32x512x512_512x512_32x512x512,benchmark/choreo/matmul/17_general_32x512x512_512x512_32x512x512.co,benchmark/triton/matmul/17_general_32x512x512_512x512_32x512x512.py,yes,[32 x 512 x 512] + [512 x 512] -> [32 x 512 x 512],5,implemented-generated-host-entrypoint,generated-unvalidated,Generated concrete host-backed entrypoint
matmul,18_resnet_128x2048_2048x1000_128x1000,benchmark/choreo/matmul/18_resnet_128x2048_2048x1000_128x1000.co,benchmark/triton/matmul/18_resnet_128x2048_2048x1000_128x1000.py,yes,[128 x 2048] + [2048 x 1000] -> [128 x 1000],5,implemented-generated-host-entrypoint,generated-unvalidated,Generated concrete host-backed entrypoint
matmul,19_transformer_64x512x512_512x2048_64x512x2048,benchmark/choreo/matmul/19_transformer_64x512x512_512x2048_64x512x2048.co,benchmark/triton/matmul/19_transformer_64x512x512_512x2048_64x512x2048.py,yes,[64 x 512 x 512] + [512 x 2048] -> [64 x 512 x 2048],5,implemented-generated-host-entrypoint,generated-unvalidated,Generated concrete host-backed entrypoint
matmul,1_bert_32x512x768_768x768_32x512x768,benchmark/choreo/matmul/1_bert_32x512x768_768x768_32x512x768.co,benchmark/triton/matmul/1_bert_32x512x768_768x768_32x512x768.py,yes,[32 x 512 x 768] + [768 x 768] -> [32 x 512 x 768],5,implemented-generated-host-entrypoint,generated-unvalidated,Generated concrete host-backed entrypoint
matmul,20_vit_32x197x768_768x3072_32x197x3072,benchmark/choreo/matmul/20_vit_32x197x768_768x3072_32x197x3072.co,benchmark/triton/matmul/20_vit_32x197x768_768x3072_32x197x3072.py,yes,[32 x 197 x 768] + [768 x 3072] -> [32 x 197 x 3072],5,implemented-generated-host-entrypoint,generated-unvalidated,Generated concrete host-backed entrypoint
matmul,2_bert_32x512x30522_30522x768_32x512x768,benchmark/choreo/matmul/2_bert_32x512x30522_30522x768_32x512x768.co,benchmark/triton/matmul/2_bert_32x512x30522_30522x768_32x512x768.py,yes,[32 x 512 x 30522] + [30522 x 768] -> [32 x 512 x 768],5,implemented-generated-host-entrypoint,generated-unvalidated,Generated concrete host-backed entrypoint
matmul,3_cnn_256x512_512x10_256x10,benchmark/choreo/matmul/3_cnn_256x512_512x10_256x10.co,benchmark/triton/matmul/3_cnn_256x512_512x10_256x10.py,yes,[256 x 512] + [512 x 10] -> [256 x 10],5,implemented-generated-host-entrypoint,generated-unvalidated,Generated concrete host-backed entrypoint
matmul,4_dynamic_32xNx512x64_32xNx64x512_32xNx512x512,benchmark/choreo/matmul/4_dynamic_32xNx512x64_32xNx64x512_32xNx512x512.co,benchmark/triton/matmul/4_dynamic_32xNx512x64_32xNx64x512_32xNx512x512.py,yes,[32 x N x 512 x 64] + [32 x N x 64 x 512] -> [32 x N x 512 x 512],5,implemented-generated-host-entrypoint,generated-unvalidated,Generated concrete host-backed entrypoint
matmul,5_dynamic_Bx2048_2048x1000_Bx1000,benchmark/choreo/matmul/5_dynamic_Bx2048_2048x1000_Bx1000.co,benchmark/triton/matmul/5_dynamic_Bx2048_2048x1000_Bx1000.py,yes,[B x 2048] + [2048 x 1000] -> [B x 1000],5,implemented-generated-host-entrypoint,generated-unvalidated,Generated concrete host-backed entrypoint
matmul,6_dynamic_32x197xE_Ex3072_32x197x3072,benchmark/choreo/matmul/6_dynamic_32x197xE_Ex3072_32x197x3072.co,benchmark/triton/matmul/6_dynamic_32x197xE_Ex3072_32x197x3072.py,yes,[32 x 197 x E] + [E x 3072] -> [32 x 197 x 3072],5,implemented-generated-host-entrypoint,generated-unvalidated,Generated concrete host-backed entrypoint
matmul,7_dynamic_16x1024xD_Dx4096_16x1024x4096,benchmark/choreo/matmul/7_dynamic_16x1024xD_Dx4096_16x1024x4096.co,benchmark/triton/matmul/7_dynamic_16x1024xD_Dx4096_16x1024x4096.py,yes,[16 x 1024 x D] + [D x 4096] -> [16 x 1024 x 4096],5,implemented-generated-host-entrypoint,generated-unvalidated,Generated concrete host-backed entrypoint
matmul,8_dynamic_64x100x300_300xH_64x100xH,benchmark/choreo/matmul/8_dynamic_64x100x300_300xH_64x100xH.co,benchmark/triton/matmul/8_dynamic_64x100x300_300xH_64x100xH.py,yes,[64 x 100 x 300] + [300 x H] -> [64 x 100 x H],5,implemented-generated-host-entrypoint,generated-unvalidated,Generated concrete host-backed entrypoint
matmul,9_dynamic_16xSx512_512x256_16xSx256,benchmark/choreo/matmul/9_dynamic_16xSx512_512x256_16xSx256.co,benchmark/triton/matmul/9_dynamic_16xSx512_512x256_16xSx256.py,yes,[16 x S x 512] + [512 x 256] -> [16 x S x 256],5,implemented-generated-host-entrypoint,generated-unvalidated,Generated concrete host-backed entrypoint
max_pool2d,10_dynamic_32xCxHxW_32xCxHd5xWd5,benchmark/choreo/max_pool2d/10_dynamic_32xCxHxW_32xCxHd5xWd5.co,benchmark/triton/max_pool2d/10_dynamic_32xCxHxW_32xCxHd5xWd5.py,yes,[32 x C x H x W] -> [32 x C x Hd5 x Wd5],5,implemented-generated-host-entrypoint,generated-unvalidated,kernel=2; stride=4; padding=0
max_pool2d,11_dynamic_16x512xSxS_16x512xSd2xSd2,benchmark/choreo/max_pool2d/11_dynamic_16x512xSxS_16x512xSd2xSd2.co,benchmark/triton/max_pool2d/11_dynamic_16x512xSxS_16x512xSd2xSd2.py,yes,[16 x 512 x S x S] -> [16 x 512 x Sd2 x Sd2],5,implemented-generated-host-entrypoint,generated-unvalidated,kernel=2; stride=3; padding=2
max_pool2d,12_dynamic_Bx512xHxW_Bx512xHd2xWd2,benchmark/choreo/max_pool2d/12_dynamic_Bx512xHxW_Bx512xHd2xWd2.co,benchmark/triton/max_pool2d/12_dynamic_Bx512xHxW_Bx512xHd2xWd2.py,yes,[B x 512 x H x W] -> [B x 512 x Hd2 x Wd2],5,implemented-generated-host-entrypoint,generated-unvalidated,kernel=2; stride=4; padding=0
max_pool2d,13_dynamic_BxCx128x128_BxCx32x32,benchmark/choreo/max_pool2d/13_dynamic_BxCx128x128_BxCx32x32.co,benchmark/triton/max_pool2d/13_dynamic_BxCx128x128_BxCx32x32.py,yes,[B x C x 128 x 128] -> [B x C x 32 x 32],5,implemented-generated-host-entrypoint,generated-unvalidated,kernel=2; stride=4; padding=0
max_pool2d,14_efficientnet_64x1280x14x14_64x1280x7x7,benchmark/choreo/max_pool2d/14_efficientnet_64x1280x14x14_64x1280x7x7.co,benchmark/triton/max_pool2d/14_efficientnet_64x1280x14x14_64x1280x7x7.py,yes,[64 x 1280 x 14 x 14] -> [64 x 1280 x 7 x 7],5,implemented-generated-host-entrypoint,generated-unvalidated,kernel=2; stride=2; padding=0
max_pool2d,15_inception_64x192x28x28_64x192x14x14,benchmark/choreo/max_pool2d/15_inception_64x192x28x28_64x192x14x14.co,benchmark/triton/max_pool2d/15_inception_64x192x28x28_64x192x14x14.py,yes,[64 x 192 x 28 x 28] -> [64 x 192 x 14 x 14],5,implemented-generated-host-entrypoint,generated-unvalidated,kernel=2; stride=2; padding=0
max_pool2d,16_mobilenet_128x96x224x224_128x96x112x112,benchmark/choreo/max_pool2d/16_mobilenet_128x96x224x224_128x96x112x112.co,benchmark/triton/max_pool2d/16_mobilenet_128x96x224x224_128x96x112x112.py,yes,[128 x 96 x 224 x 224] -> [128 x 96 x 112 x 112],5,implemented-generated-host-entrypoint,generated-unvalidated,kernel=2; stride=2; padding=0
max_pool2d,17_resnet_64x256x56x56_64x256x28x28,benchmark/choreo/max_pool2d/17_resnet_64x256x56x56_64x256x28x28.co,benchmark/triton/max_pool2d/17_resnet_64x256x56x56_64x256x28x28.py,yes,[64 x 256 x 56 x 56] -> [64 x 256 x 28 x 28],5,implemented-generated-host-entrypoint,generated-unvalidated,kernel=2; stride=2; padding=0
max_pool2d,18_unet_16x512x64x64_16x512x32x32,benchmark/choreo/max_pool2d/18_unet_16x512x64x64_16x512x32x32.co,benchmark/triton/max_pool2d/18_unet_16x512x64x64_16x512x32x32.py,yes,[16 x 512 x 64 x 64] -> [16 x 512 x 32 x 32],5,implemented-generated-host-entrypoint,generated-unvalidated,kernel=2; stride=2; padding=0
max_pool2d,19_vgg_32x512x14x14_32x512x7x7,benchmark/choreo/max_pool2d/19_vgg_32x512x14x14_32x512x7x7.co,benchmark/triton/max_pool2d/19_vgg_32x512x14x14_32x512x7x7.py,yes,[32 x 512 x 14 x 14] -> [32 x 512 x 7 x 7],5,implemented-generated-host-entrypoint,generated-unvalidated,kernel=2; stride=2; padding=0
max_pool2d,1_alexnet_64x256x27x27_64x256x13x13,benchmark/choreo/max_pool2d/1_alexnet_64x256x27x27_64x256x13x13.co,benchmark/triton/max_pool2d/1_alexnet_64x256x27x27_64x256x13x13.py,yes,[64 x 256 x 27 x 27] -> [64 x 256 x 13 x 13],5,implemented-generated-host-entrypoint,generated-unvalidated,kernel=2; stride=2; padding=0
max_pool2d,20_vit_32x3x224x224_32x3x112x112,benchmark/choreo/max_pool2d/20_vit_32x3x224x224_32x3x112x112.co,benchmark/triton/max_pool2d/20_vit_32x3x224x224_32x3x112x112.py,yes,[32 x 3 x 224 x 224] -> [32 x 3 x 112 x 112],5,implemented-generated-host-entrypoint,generated-unvalidated,kernel=2; stride=2; padding=0
max_pool2d,2_cnn_128x128x28x28_128x128x14x14,benchmark/choreo/max_pool2d/2_cnn_128x128x28x28_128x128x14x14.co,benchmark/triton/max_pool2d/2_cnn_128x128x28x28_128x128x14x14.py,yes,[128 x 128 x 28 x 28] -> [128 x 128 x 14 x 14],5,implemented-generated-host-entrypoint,generated-unvalidated,kernel=2; stride=2; padding=0
max_pool2d,3_densenet_32x128x56x56_32x128x28x28,benchmark/choreo/max_pool2d/3_densenet_32x128x56x56_32x128x28x28.co,benchmark/triton/max_pool2d/3_densenet_32x128x56x56_32x128x28x28.py,yes,[32 x 128 x 56 x 56] -> [32 x 128 x 28 x 28],5,implemented-generated-host-entrypoint,generated-unvalidated,kernel=2; stride=2; padding=0
max_pool2d,4_dynamic_64xCxHxW_64xCxHd2xWd2,benchmark/choreo/max_pool2d/4_dynamic_64xCxHxW_64xCxHd2xWd2.co,benchmark/triton/max_pool2d/4_dynamic_64xCxHxW_64xCxHd2xWd2.py,yes,[64 x C x H x W] -> [64 x C x Hd2 x Wd2],5,implemented-generated-host-entrypoint,generated-unvalidated,kernel=2; stride=4; padding=0
max_pool2d,5_dynamic_Bx256x56x56_Bx256x28x28,benchmark/choreo/max_pool2d/5_dynamic_Bx256x56x56_Bx256x28x28.co,benchmark/triton/max_pool2d/5_dynamic_Bx256x56x56_Bx256x28x28.py,yes,[B x 256 x 56 x 56] -> [B x 256 x 28 x 28],5,implemented-generated-host-entrypoint,generated-unvalidated,kernel=2; stride=2; padding=0
max_pool2d,6_dynamic_Bx1280xHxW_Bx1280xHd2xWd2,benchmark/choreo/max_pool2d/6_dynamic_Bx1280xHxW_Bx1280xHd2xWd2.co,benchmark/triton/max_pool2d/6_dynamic_Bx1280xHxW_Bx1280xHd2xWd2.py,yes,[B x 1280 x H x W] -> [B x 1280 x Hd2 x Wd2],5,implemented-generated-host-entrypoint,generated-unvalidated,kernel=2; stride=4; padding=0
max_pool2d,7_dynamic_128xCx112x112_128xCx56x56,benchmark/choreo/max_pool2d/7_dynamic_128xCx112x112_128xCx56x56.co,benchmark/triton/max_pool2d/7_dynamic_128xCx112x112_128xCx56x56.py,yes,[128 x C x 112 x 112] -> [128 x C x 56 x 56],5,implemented-generated-host-entrypoint,generated-unvalidated,kernel=2; stride=2; padding=0
max_pool2d,8_dynamic_32xCxHxW_32xCxHd3xWd3,benchmark/choreo/max_pool2d/8_dynamic_32xCxHxW_32xCxHd3xWd3.co,benchmark/triton/max_pool2d/8_dynamic_32xCxHxW_32xCxHd3xWd3.py,yes,[32 x C x H x W] -> [32 x C x Hd3 x Wd3],5,implemented-generated-host-entrypoint,generated-unvalidated,kernel=2; stride=4; padding=0
max_pool2d,9_dynamic_64x128xHxW_64x128xHd2xWd2,benchmark/choreo/max_pool2d/9_dynamic_64x128xHxW_64x128xHd2xWd2.co,benchmark/triton/max_pool2d/9_dynamic_64x128xHxW_64x128xHd2xWd2.py,yes,[64 x 128 x H x W] -> [64 x 128 x Hd2 x Wd2],5,implemented-generated-host-entrypoint,generated-unvalidated,kernel=2; stride=4; padding=0
reduce_mean,10_dynamic_32xSx768_32x768,benchmark/choreo/reduce_mean/10_dynamic_32xSx768_32x768.co,benchmark/triton/reduce_mean/10_dynamic_32xSx768_32x768.py,yes,[32 x S x 768] -> [32 x 768],3,implemented-generated-host-entrypoint,generated-unvalidated,axes=1
reduce_mean,11_dynamic_64xTx256_64x256,benchmark/choreo/reduce_mean/11_dynamic_64xTx256_64x256.co,benchmark/triton/reduce_mean/11_dynamic_64xTx256_64x256.py,yes,[64 x T x 256] -> [64 x 256],3,implemented-generated-host-entrypoint,generated-unvalidated,axes=1
reduce_mean,12_dynamic_32x512xV_32x512,benchmark/choreo/reduce_mean/12_dynamic_32x512xV_32x512.co,benchmark/triton/reduce_mean/12_dynamic_32x512xV_32x512.py,yes,[32 x 512 x V] -> [32 x 512],3,implemented-generated-host-entrypoint,generated-unvalidated,axes=2
reduce_mean,13_efficientnet_64x1280x7x7_64x1280,benchmark/choreo/reduce_mean/13_efficientnet_64x1280x7x7_64x1280.co,benchmark/triton/reduce_mean/13_efficientnet_64x1280x7x7_64x1280.py,yes,[64 x 1280 x 7 x 7] -> [64 x 1280],3,implemented-generated-host-entrypoint,generated-unvalidated,axes=2.3
reduce_mean,14_gpt_16x1024x1024_16x1024,benchmark/choreo/reduce_mean/14_gpt_16x1024x1024_16x1024.co,benchmark/triton/reduce_mean/14_gpt_16x1024x1024_16x1024.py,yes,[16 x 1024 x 1024] -> [16 x 1024],3,implemented-generated-host-entrypoint,generated-unvalidated,axes=2
reduce_mean,15_lstm_64x100x256_64x256,benchmark/choreo/reduce_mean/15_lstm_64x100x256_64x256.co,benchmark/triton/reduce_mean/15_lstm_64x100x256_64x256.py,yes,[64 x 100 x 256] -> [64 x 256],3,implemented-generated-host-entrypoint,generated-unvalidated,axes=1
reduce_mean,16_mobilenet_128x96x112x112_128x112x112,benchmark/choreo/reduce_mean/16_mobilenet_128x96x112x112_128x112x112.co,benchmark/triton/reduce_mean/16_mobilenet_128x96x112x112_128x112x112.py,yes,[128 x 96 x 112 x 112] -> [128 x 112 x 112],3,implemented-generated-host-entrypoint,generated-unvalidated,axes=1
reduce_mean,17_resnet_64x512x7x7_64x512,benchmark/choreo/reduce_mean/17_resnet_64x512x7x7_64x512.co,benchmark/triton/reduce_mean/17_resnet_64x512x7x7_64x512.py,yes,[64 x 512 x 7 x 7] -> [64 x 512],3,implemented-generated-host-entrypoint,generated-unvalidated,axes=2.3
reduce_mean,18_transformer_32x512x2048_32x2048,benchmark/choreo/reduce_mean/18_transformer_32x512x2048_32x2048.co,benchmark/triton/reduce_mean/18_transformer_32x512x2048_32x2048.py,yes,[32 x 512 x 2048] -> [32 x 2048],3,implemented-generated-host-entrypoint,generated-unvalidated,axes=1
reduce_mean,19_unet_16x512x32x32_16x512x1x1,benchmark/choreo/reduce_mean/19_unet_16x512x32x32_16x512x1x1.co,benchmark/triton/reduce_mean/19_unet_16x512x32x32_16x512x1x1.py,yes,[16 x 512 x 32 x 32] -> [16 x 512 x 1 x 1],3,implemented-generated-host-entrypoint,generated-unvalidated,axes=2.3; keepdim
reduce_mean,1_bert_32x512x768_32x768,benchmark/choreo/reduce_mean/1_bert_32x512x768_32x768.co,benchmark/triton/reduce_mean/1_bert_32x512x768_32x768.py,yes,[32 x 512 x 768] -> [32 x 768],3,implemented-generated-host-entrypoint,generated-unvalidated,axes=1
reduce_mean,20_vit_32x197x768_32x768,benchmark/choreo/reduce_mean/20_vit_32x197x768_32x768.co,benchmark/triton/reduce_mean/20_vit_32x197x768_32x768.py,yes,[32 x 197 x 768] -> [32 x 768],3,implemented-generated-host-entrypoint,generated-unvalidated,axes=1
reduce_mean,2_cnn_128x128x28x28_128,benchmark/choreo/reduce_mean/2_cnn_128x128x28x28_128.co,benchmark/triton/reduce_mean/2_cnn_128x128x28x28_128.py,yes,[128 x 128 x 28 x 28] -> [128],3,implemented-generated-host-entrypoint,generated-unvalidated,axes=1.2.3
reduce_mean,3_dynamic_Nx256x56x56_Nx256,benchmark/choreo/reduce_mean/3_dynamic_Nx256x56x56_Nx256.co,benchmark/triton/reduce_mean/3_dynamic_Nx256x56x56_Nx256.py,yes,[N x 256 x 56 x 56] -> [N x 256],3,implemented-generated-host-entrypoint,generated-unvalidated,axes=2.3
reduce_mean,4_dynamic_NxCxHxW_N,benchmark/choreo/reduce_mean/4_dynamic_NxCxHxW_N.co,benchmark/triton/reduce_mean/4_dynamic_NxCxHxW_N.py,yes,[N x C x H x W] -> [N],3,implemented-generated-host-entrypoint,generated-unvalidated,axes=1.2.3
reduce_mean,5_dynamic_32xCx112x112_32x112x112,benchmark/choreo/reduce_mean/5_dynamic_32xCx112x112_32x112x112.co,benchmark/triton/reduce_mean/5_dynamic_32xCx112x112_32x112x112.py,yes,[32 x C x 112 x 112] -> [32 x 112 x 112],3,implemented-generated-host-entrypoint,generated-unvalidated,axes=1
reduce_mean,6_dynamic_16x512xE_16x512,benchmark/choreo/reduce_mean/6_dynamic_16x512xE_16x512.co,benchmark/triton/reduce_mean/6_dynamic_16x512xE_16x512.py,yes,[16 x 512 x E] -> [16 x 512],3,implemented-generated-host-entrypoint,generated-unvalidated,axes=2
reduce_mean,7_dynamic_64x128xHxW_64x128,benchmark/choreo/reduce_mean/7_dynamic_64x128xHxW_64x128.co,benchmark/triton/reduce_mean/7_dynamic_64x128xHxW_64x128.py,yes,[64 x 128 x H x W] -> [64 x 128],3,implemented-generated-host-entrypoint,generated-unvalidated,axes=2.3
reduce_mean,8_dynamic_16x512xHxW_16x512,benchmark/choreo/reduce_mean/8_dynamic_16x512xHxW_16x512.co,benchmark/triton/reduce_mean/8_dynamic_16x512xHxW_16x512.py,yes,[16 x 512 x H x W] -> [16 x 512],3,implemented-generated-host-entrypoint,generated-unvalidated,axes=2.3
reduce_mean,9_dynamic_32xPx768_32x768,benchmark/choreo/reduce_mean/9_dynamic_32xPx768_32x768.co,benchmark/triton/reduce_mean/9_dynamic_32xPx768_32x768.py,yes,[32 x P x 768] -> [32 x 768],3,implemented-generated-host-entrypoint,generated-unvalidated,axes=1
relu,10_dynamic_16x512xHxW_16x512xHxW,benchmark/choreo/relu/10_dynamic_16x512xHxW_16x512xHxW.co,benchmark/triton/relu/10_dynamic_16x512xHxW_16x512xHxW.py,yes,[16 x 512 x H x W] -> [16 x 512 x H x W],7,implemented-generated-unary-kernel,compile-pending,Generated Triton unary kernel entrypoint
relu,11_dynamic_32xSx768_32xSx768,benchmark/choreo/relu/11_dynamic_32xSx768_32xSx768.co,benchmark/triton/relu/11_dynamic_32xSx768_32xSx768.py,yes,[32 x S x 768] -> [32 x S x 768],7,implemented-generated-unary-kernel,compile-pending,Generated Triton unary kernel entrypoint
relu,12_dynamic_64xTx256_64xTx256,benchmark/choreo/relu/12_dynamic_64xTx256_64xTx256.co,benchmark/triton/relu/12_dynamic_64xTx256_64xTx256.py,yes,[64 x T x 256] -> [64 x T x 256],7,implemented-generated-unary-kernel,compile-pending,Generated Triton unary kernel entrypoint
relu,13_dynamic_32x512xV_32x512xV,benchmark/choreo/relu/13_dynamic_32x512xV_32x512xV.co,benchmark/triton/relu/13_dynamic_32x512xV_32x512xV.py,yes,[32 x 512 x V] -> [32 x 512 x V],7,implemented-generated-unary-kernel,compile-pending,Generated Triton unary kernel entrypoint
relu,14_efficientnet_64x1280x7x7_64x1280x7x7,benchmark/choreo/relu/14_efficientnet_64x1280x7x7_64x1280x7x7.co,benchmark/triton/relu/14_efficientnet_64x1280x7x7_64x1280x7x7.py,yes,[64 x 1280 x 7 x 7] -> [64 x 1280 x 7 x 7],7,implemented-generated-unary-kernel,compile-pending,Generated Triton unary kernel entrypoint
relu,15_gpt_16x1024x4096_16x1024x4096,benchmark/choreo/relu/15_gpt_16x1024x4096_16x1024x4096.co,benchmark/triton/relu/15_gpt_16x1024x4096_16x1024x4096.py,yes,[16 x 1024 x 4096] -> [16 x 1024 x 4096],7,implemented-generated-unary-kernel,compile-pending,Generated Triton unary kernel entrypoint
relu,16_lstm_64x100x256_64x100x256,benchmark/choreo/relu/16_lstm_64x100x256_64x100x256.co,benchmark/triton/relu/16_lstm_64x100x256_64x100x256.py,yes,[64 x 100 x 256] -> [64 x 100 x 256],7,implemented-generated-unary-kernel,compile-pending,Generated Triton unary kernel entrypoint
relu,17_mobilenet_128x96x112x112_128x96x112x112,benchmark/choreo/relu/17_mobilenet_128x96x112x112_128x96x112x112.co,benchmark/triton/relu/17_mobilenet_128x96x112x112_128x96x112x112.py,yes,[128 x 96 x 112 x 112] -> [128 x 96 x 112 x 112],7,implemented-generated-unary-kernel,compile-pending,Generated Triton unary kernel entrypoint
relu,18_resnet_64x256x56x56_64x256x56x56,benchmark/choreo/relu/18_resnet_64x256x56x56_64x256x56x56.co,benchmark/triton/relu/18_resnet_64x256x56x56_64x256x56x56.py,yes,[64 x 256 x 56 x 56] -> [64 x 256 x 56 x 56],7,implemented-generated-unary-kernel,compile-pending,Generated Triton unary kernel entrypoint
relu,19_transformer_32x512x2048_32x512x2048,benchmark/choreo/relu/19_transformer_32x512x2048_32x512x2048.co,benchmark/triton/relu/19_transformer_32x512x2048_32x512x2048.py,yes,[32 x 512 x 2048] -> [32 x 512 x 2048],7,implemented-generated-unary-kernel,compile-pending,Generated Triton unary kernel entrypoint
relu,1_bert_32x512x768_32x512x768,benchmark/choreo/relu/1_bert_32x512x768_32x512x768.co,benchmark/triton/relu/1_bert_32x512x768_32x512x768.py,yes,[32 x 512 x 768] -> [32 x 512 x 768],7,implemented-generated-unary-kernel,compile-pending,Generated Triton unary kernel entrypoint
relu,20_unet_16x512x32x32_16x512x32x32,benchmark/choreo/relu/20_unet_16x512x32x32_16x512x32x32.co,benchmark/triton/relu/20_unet_16x512x32x32_16x512x32x32.py,yes,[16 x 512 x 32 x 32] -> [16 x 512 x 32 x 32],7,implemented-generated-unary-kernel,compile-pending,Generated Triton unary kernel entrypoint
relu,21_vit_32x197x3072_32x197x3072,benchmark/choreo/relu/21_vit_32x197x3072_32x197x3072.co,benchmark/triton/relu/21_vit_32x197x3072_32x197x3072.py,yes,[32 x 197 x 3072] -> [32 x 197 x 3072],7,implemented-generated-unary-kernel,compile-pending,Generated Triton unary kernel entrypoint
relu,2_cnn_128x128x28x28_128x128x28x28,benchmark/choreo/relu/2_cnn_128x128x28x28_128x128x28x28.co,benchmark/triton/relu/2_cnn_128x128x28x28_128x128x28x28.py,yes,[128 x 128 x 28 x 28] -> [128 x 128 x 28 x 28],7,implemented-generated-unary-kernel,compile-pending,Generated Triton unary kernel entrypoint
relu,3_attention_32xNx512x64_32xNx512x64,benchmark/choreo/relu/3_attention_32xNx512x64_32xNx512x64.co,benchmark/triton/relu/3_attention_32xNx512x64_32xNx512x64.py,yes,[32 x N x 512 x 64] -> [32 x N x 512 x 64],7,implemented-generated-unary-kernel,compile-pending,Generated Triton unary kernel entrypoint
relu,4_dynamic_Nx256x56x56_Nx256x56x56,benchmark/choreo/relu/4_dynamic_Nx256x56x56_Nx256x56x56.co,benchmark/triton/relu/4_dynamic_Nx256x56x56_Nx256x56x56.py,yes,[N x 256 x 56 x 56] -> [N x 256 x 56 x 56],7,implemented-generated-unary-kernel,compile-pending,Generated Triton unary kernel entrypoint
relu,5_dynamic_Nx1280xHxW_Nx1280xHxW,benchmark/choreo/relu/5_dynamic_Nx1280xHxW_Nx1280xHxW.co,benchmark/triton/relu/5_dynamic_Nx1280xHxW_Nx1280xHxW.py,yes,[N x 1280 x H x W] -> [N x 1280 x H x W],7,implemented-generated-unary-kernel,compile-pending,Generated Triton unary kernel entrypoint
relu,6_dynamic_128xCx112x112_128xCx112x112,benchmark/choreo/relu/6_dynamic_128xCx112x112_128xCx112x112.co,benchmark/triton/relu/6_dynamic_128xCx112x112_128xCx112x112.py,yes,[128 x C x 112 x 112] -> [128 x C x 112 x 112],7,implemented-generated-unary-kernel,compile-pending,Generated Triton unary kernel entrypoint
relu,7_dynamic_32x197xE_32x197xE,benchmark/choreo/relu/7_dynamic_32x197xE_32x197xE.co,benchmark/triton/relu/7_dynamic_32x197xE_32x197xE.py,yes,[32 x 197 x E] -> [32 x 197 x E],7,implemented-generated-unary-kernel,compile-pending,Generated Triton unary kernel entrypoint
relu,8_dynamic_16x1024xD_16x1024xD,benchmark/choreo/relu/8_dynamic_16x1024xD_16x1024xD.co,benchmark/triton/relu/8_dynamic_16x1024xD_16x1024xD.py,yes,[16 x 1024 x D] -> [16 x 1024 x D],7,implemented-generated-unary-kernel,compile-pending,Generated Triton unary kernel entrypoint
relu,9_dynamic_64x128xHxW_64x128xHxW,benchmark/choreo/relu/9_dynamic_64x128xHxW_64x128xHxW.co,benchmark/triton/relu/9_dynamic_64x128xHxW_64x128xHxW.py,yes,[64 x 128 x H x W] -> [64 x 128 x H x W],7,implemented-generated-unary-kernel,compile-pending,Generated Triton unary kernel entrypoint
reshape,10_dynamic_64x128xHxW_64x128HW,benchmark/choreo/reshape/10_dynamic_64x128xHxW_64x128HW.co,benchmark/triton/reshape/10_dynamic_64x128xHxW_64x128HW.py,no,[64 x 128 x H x W] -> [64 x 128HW],0,generated-contract-mismatch,excluded-invalid-contract,contract-invalid 10_dynamic_64x128xHxW_64x128HW: reshape must preserve element count
reshape,11_dynamic_16x512xSxS_16x512SS,benchmark/choreo/reshape/11_dynamic_16x512xSxS_16x512SS.co,benchmark/triton/reshape/11_dynamic_16x512xSxS_16x512SS.py,no,[16 x 512 x S x S] -> [16 x 512SS],0,generated-contract-mismatch,excluded-invalid-contract,contract-invalid 11_dynamic_16x512xSxS_16x512SS: reshape must preserve element count
reshape,12_dynamic_64xTx256_64Tx256,benchmark/choreo/reshape/12_dynamic_64xTx256_64Tx256.co,benchmark/triton/reshape/12_dynamic_64xTx256_64Tx256.py,yes,[64 x T x 256] -> [64T x 256],1,implemented-generated-host-entrypoint,generated-unvalidated,Generated concrete host-backed entrypoint
reshape,13_dynamic_32x512xV_32x512V,benchmark/choreo/reshape/13_dynamic_32x512xV_32x512V.co,benchmark/triton/reshape/13_dynamic_32x512xV_32x512V.py,yes,[32 x 512 x V] -> [32 x 512V],1,implemented-generated-host-entrypoint,generated-unvalidated,Generated concrete host-backed entrypoint
reshape,14_efficientnet_64x1280x7x7_64x62720,benchmark/choreo/reshape/14_efficientnet_64x1280x7x7_64x62720.co,benchmark/triton/reshape/14_efficientnet_64x1280x7x7_64x62720.py,yes,[64 x 1280 x 7 x 7] -> [64 x 62720],1,implemented-generated-host-entrypoint,generated-unvalidated,Generated concrete host-backed entrypoint
reshape,15_gpt_16x1024x1024_16x16x1024x64,benchmark/choreo/reshape/15_gpt_16x1024x1024_16x16x1024x64.co,benchmark/triton/reshape/15_gpt_16x1024x1024_16x16x1024x64.py,yes,[16 x 1024 x 1024] -> [16 x 16 x 1024 x 64],1,implemented-generated-host-entrypoint,generated-unvalidated,Generated concrete host-backed entrypoint
reshape,16_lstm_64x100x256_6400x256,benchmark/choreo/reshape/16_lstm_64x100x256_6400x256.co,benchmark/triton/reshape/16_lstm_64x100x256_6400x256.py,yes,[64 x 100 x 256] -> [6400 x 256],1,implemented-generated-host-entrypoint,generated-unvalidated,Generated concrete host-backed entrypoint
reshape,17_mobilenet_128x96x7x7_128x4704,benchmark/choreo/reshape/17_mobilenet_128x96x7x7_128x4704.co,benchmark/triton/reshape/17_mobilenet_128x96x7x7_128x4704.py,yes,[128 x 96 x 7 x 7] -> [128 x 4704],1,implemented-generated-host-entrypoint,generated-unvalidated,Generated concrete host-backed entrypoint
reshape,18_resnet_64x512x7x7_64x25088,benchmark/choreo/reshape/18_resnet_64x512x7x7_64x25088.co,benchmark/triton/reshape/18_resnet_64x512x7x7_64x25088.py,yes,[64 x 512 x 7 x 7] -> [64 x 25088],1,implemented-generated-host-entrypoint,generated-unvalidated,Generated concrete host-backed entrypoint
reshape,19_transformer_32x512x2048_32x1048576,benchmark/choreo/reshape/19_transformer_32x512x2048_32x1048576.co,benchmark/triton/reshape/19_transformer_32x512x2048_32x1048576.py,yes,[32 x 512 x 2048] -> [32 x 1048576],1,implemented-generated-host-entrypoint,generated-unvalidated,Generated concrete host-backed entrypoint
reshape,1_bert_32x512x768_32x512x12x64,benchmark/choreo/reshape/1_bert_32x512x768_32x512x12x64.co,benchmark/triton/reshape/1_bert_32x512x768_32x512x12x64.py,yes,[32 x 512 x 768] -> [32 x 512 x 12 x 64],1,implemented-generated-host-entrypoint,generated-unvalidated,Generated concrete host-backed entrypoint
reshape,20_unet_16x512x32x32_16x32x32x512,benchmark/choreo/reshape/20_unet_16x512x32x32_16x32x32x512.co,benchmark/triton/reshape/20_unet_16x512x32x32_16x32x32x512.py,yes,[16 x 512 x 32 x 32] -> [16 x 32 x 32 x 512],1,implemented-generated-host-entrypoint,generated-unvalidated,Generated concrete host-backed entrypoint
reshape,21_vit_32x3x224x224_32x196x768,benchmark/choreo/reshape/21_vit_32x3x224x224_32x196x768.co,benchmark/triton/reshape/21_vit_32x3x224x224_32x196x768.py,yes,[32 x 3 x 224 x 224] -> [32 x 196 x 768],1,implemented-generated-host-entrypoint,generated-unvalidated,Generated concrete host-backed entrypoint
reshape,2_cnn_128x128x28x28_128x100352,benchmark/choreo/reshape/2_cnn_128x128x28x28_128x100352.co,benchmark/triton/reshape/2_cnn_128x128x28x28_128x100352.py,yes,[128 x 128 x 28 x 28] -> [128 x 100352],1,implemented-generated-host-entrypoint,generated-unvalidated,Generated concrete host-backed entrypoint
reshape,3_attention_BxSx768_BxSx12x64,benchmark/choreo/reshape/3_attention_BxSx768_BxSx12x64.co,benchmark/triton/reshape/3_attention_BxSx768_BxSx12x64.py,yes,[B x S x 768] -> [B x S x 12 x 64],1,implemented-generated-host-entrypoint,generated-unvalidated,Generated concrete host-backed entrypoint
reshape,4_attention_32xNx512x64_32x512xN64,benchmark/choreo/reshape/4_attention_32xNx512x64_32x512xN64.co,benchmark/triton/reshape/4_attention_32xNx512x64_32x512xN64.py,no,[32 x N x 512 x 64] -> [32 x 512 x N64],0,generated-contract-mismatch,excluded-invalid-contract,contract-invalid 4_attention_32xNx512x64_32x512xN64: reshape must preserve element count
reshape,5_dynamic_Bx1280xHxW_Bx1280HW,benchmark/choreo/reshape/5_dynamic_Bx1280xHxW_Bx1280HW.co,benchmark/triton/reshape/5_dynamic_Bx1280xHxW_Bx1280HW.py,no,[B x 1280 x H x W] -> [B x 1280HW],0,generated-contract-mismatch,excluded-invalid-contract,contract-invalid 5_dynamic_Bx1280xHxW_Bx1280HW: reshape must preserve element count
reshape,6_dynamic_128xCx112x112_128x112x112xC,benchmark/choreo/reshape/6_dynamic_128xCx112x112_128x112x112xC.co,benchmark/triton/reshape/6_dynamic_128xCx112x112_128x112x112xC.py,yes,[128 x C x 112 x 112] -> [128 x 112 x 112 x C],1,implemented-generated-host-entrypoint,generated-unvalidated,Generated concrete host-backed entrypoint
reshape,7_dynamic_32x197xE_32x197xEd64x64,benchmark/choreo/reshape/7_dynamic_32x197xE_32x197xEd64x64.co,benchmark/triton/reshape/7_dynamic_32x197xE_32x197xEd64x64.py,no,[32 x 197 x E] -> [32 x 197 x Ed64 x 64],0,generated-contract-mismatch,excluded-invalid-contract,contract-invalid 7_dynamic_32x197xE_32x197xEd64x64: reshape must preserve element count
reshape,8_dynamic_16x1024xD_16x1024xDd64x64,benchmark/choreo/reshape/8_dynamic_16x1024xD_16x1024xDd64x64.co,benchmark/triton/reshape/8_dynamic_16x1024xD_16x1024xDd64x64.py,no,[16 x 1024 x D] -> [16 x 1024 x Dd64 x 64],0,generated-contract-mismatch,excluded-invalid-contract,contract-invalid 8_dynamic_16x1024xD_16x1024xDd64x64: reshape must preserve element count
reshape,9_dynamic_Bx256xHxW_Bx256HW,benchmark/choreo/reshape/9_dynamic_Bx256xHxW_Bx256HW.co,benchmark/triton/reshape/9_dynamic_Bx256xHxW_Bx256HW.py,no,[B x 256 x H x W] -> [B x 256HW],0,generated-contract-mismatch,excluded-invalid-contract,contract-invalid 9_dynamic_Bx256xHxW_Bx256HW: reshape must preserve element count
sigmoid,10_dynamic_16x512xHxW,benchmark/choreo/sigmoid/10_dynamic_16x512xHxW.co,benchmark/triton/sigmoid/10_dynamic_16x512xHxW.py,yes,[16 x 512 x H x W] -> [16 x 512 x H x W],7,implemented-generated-unary-kernel,compile-pending,Generated Triton unary kernel entrypoint
sigmoid,11_dynamic_32xSx768,benchmark/choreo/sigmoid/11_dynamic_32xSx768.co,benchmark/triton/sigmoid/11_dynamic_32xSx768.py,yes,[32 x S x 768] -> [32 x S x 768],7,implemented-generated-unary-kernel,compile-pending,Generated Triton unary kernel entrypoint
sigmoid,12_dynamic_64xTx256,benchmark/choreo/sigmoid/12_dynamic_64xTx256.co,benchmark/triton/sigmoid/12_dynamic_64xTx256.py,yes,[64 x T x 256] -> [64 x T x 256],7,implemented-generated-unary-kernel,compile-pending,Generated Triton unary kernel entrypoint
sigmoid,13_dynamic_32x512xV,benchmark/choreo/sigmoid/13_dynamic_32x512xV.co,benchmark/triton/sigmoid/13_dynamic_32x512xV.py,yes,[32 x 512 x V] -> [32 x 512 x V],7,implemented-generated-unary-kernel,compile-pending,Generated Triton unary kernel entrypoint
sigmoid,14_efficientnet_64x1280x7x7,benchmark/choreo/sigmoid/14_efficientnet_64x1280x7x7.co,benchmark/triton/sigmoid/14_efficientnet_64x1280x7x7.py,yes,[64 x 1280 x 7 x 7] -> [64 x 1280 x 7 x 7],7,implemented-generated-unary-kernel,compile-pending,Generated Triton unary kernel entrypoint
sigmoid,15_gpt_16x1024x4096,benchmark/choreo/sigmoid/15_gpt_16x1024x4096.co,benchmark/triton/sigmoid/15_gpt_16x1024x4096.py,yes,[16 x 1024 x 4096] -> [16 x 1024 x 4096],7,implemented-generated-unary-kernel,compile-pending,Generated Triton unary kernel entrypoint
sigmoid,16_lstm_64x100x256,benchmark/choreo/sigmoid/16_lstm_64x100x256.co,benchmark/triton/sigmoid/16_lstm_64x100x256.py,yes,[64 x 100 x 256] -> [64 x 100 x 256],7,implemented-generated-unary-kernel,compile-pending,Generated Triton unary kernel entrypoint
sigmoid,17_mobilenet_128x96x112x112,benchmark/choreo/sigmoid/17_mobilenet_128x96x112x112.co,benchmark/triton/sigmoid/17_mobilenet_128x96x112x112.py,yes,[128 x 96 x 112 x 112] -> [128 x 96 x 112 x 112],7,implemented-generated-unary-kernel,compile-pending,Generated Triton unary kernel entrypoint
sigmoid,18_resnet_64x256x56x56,benchmark/choreo/sigmoid/18_resnet_64x256x56x56.co,benchmark/triton/sigmoid/18_resnet_64x256x56x56.py,yes,[64 x 256 x 56 x 56] -> [64 x 256 x 56 x 56],7,implemented-generated-unary-kernel,compile-pending,Generated Triton unary kernel entrypoint
sigmoid,19_transformer_32x512x2048,benchmark/choreo/sigmoid/19_transformer_32x512x2048.co,benchmark/triton/sigmoid/19_transformer_32x512x2048.py,yes,[32 x 512 x 2048] -> [32 x 512 x 2048],7,implemented-generated-unary-kernel,compile-pending,Generated Triton unary kernel entrypoint
sigmoid,1_bert_32x512x768,benchmark/choreo/sigmoid/1_bert_32x512x768.co,benchmark/triton/sigmoid/1_bert_32x512x768.py,yes,[32 x 512 x 768] -> [32 x 512 x 768],7,implemented-generated-unary-kernel,compile-pending,Generated Triton unary kernel entrypoint
sigmoid,20_unet_16x512x32x32,benchmark/choreo/sigmoid/20_unet_16x512x32x32.co,benchmark/triton/sigmoid/20_unet_16x512x32x32.py,yes,[16 x 512 x 32 x 32] -> [16 x 512 x 32 x 32],7,implemented-generated-unary-kernel,compile-pending,Generated Triton unary kernel entrypoint
sigmoid,21_vit_32x197x3072,benchmark/choreo/sigmoid/21_vit_32x197x3072.co,benchmark/triton/sigmoid/21_vit_32x197x3072.py,yes,[32 x 197 x 3072] -> [32 x 197 x 3072],7,implemented-generated-unary-kernel,compile-pending,Generated Triton unary kernel entrypoint
sigmoid,2_cnn_128x128x28x28,benchmark/choreo/sigmoid/2_cnn_128x128x28x28.co,benchmark/triton/sigmoid/2_cnn_128x128x28x28.py,yes,[128 x 128 x 28 x 28] -> [128 x 128 x 28 x 28],7,implemented-generated-unary-kernel,compile-pending,Generated Triton unary kernel entrypoint
sigmoid,3_attention_32xNx512x64,benchmark/choreo/sigmoid/3_attention_32xNx512x64.co,benchmark/triton/sigmoid/3_attention_32xNx512x64.py,yes,[32 x N x 512 x 64] -> [32 x N x 512 x 64],7,implemented-generated-unary-kernel,compile-pending,Generated Triton unary kernel entrypoint
sigmoid,4_dynamic_Nx256x56x56,benchmark/choreo/sigmoid/4_dynamic_Nx256x56x56.co,benchmark/triton/sigmoid/4_dynamic_Nx256x56x56.py,yes,[N x 256 x 56 x 56] -> [N x 256 x 56 x 56],7,implemented-generated-unary-kernel,compile-pending,Generated Triton unary kernel entrypoint
sigmoid,5_dynamic_Nx1280xMxK,benchmark/choreo/sigmoid/5_dynamic_Nx1280xMxK.co,benchmark/triton/sigmoid/5_dynamic_Nx1280xMxK.py,yes,[N x 1280 x M x K] -> [N x 1280 x M x K],7,implemented-generated-unary-kernel,compile-pending,Generated Triton unary kernel entrypoint
sigmoid,6_dynamic_128xCx112x112,benchmark/choreo/sigmoid/6_dynamic_128xCx112x112.co,benchmark/triton/sigmoid/6_dynamic_128xCx112x112.py,yes,[128 x C x 112 x 112] -> [128 x C x 112 x 112],7,implemented-generated-unary-kernel,compile-pending,Generated Triton unary kernel entrypoint
sigmoid,7_dynamic_32x197xD,benchmark/choreo/sigmoid/7_dynamic_32x197xD.co,benchmark/triton/sigmoid/7_dynamic_32x197xD.py,yes,[32 x 197 x D] -> [32 x 197 x D],7,implemented-generated-unary-kernel,compile-pending,Generated Triton unary kernel entrypoint
sigmoid,8_dynamic_16x1024xD,benchmark/choreo/sigmoid/8_dynamic_16x1024xD.co,benchmark/triton/sigmoid/8_dynamic_16x1024xD.py,yes,[16 x 1024 x D] -> [16 x 1024 x D],7,implemented-generated-unary-kernel,compile-pending,Generated Triton unary kernel entrypoint
sigmoid,9_dynamic_64x128xHxW,benchmark/choreo/sigmoid/9_dynamic_64x128xHxW.co,benchmark/triton/sigmoid/9_dynamic_64x128xHxW.py,yes,[64 x 128 x H x W] -> [64 x 128 x H x W],7,implemented-generated-unary-kernel,compile-pending,Generated Triton unary kernel entrypoint
softmax,10_dynamic_16x512xHxW_16x512xHxW,benchmark/choreo/softmax/10_dynamic_16x512xHxW_16x512xHxW.co,benchmark/triton/softmax/10_dynamic_16x512xHxW_16x512xHxW.py,yes,[16 x 512 x H x W] -> [16 x 512 x H x W],3,implemented-generated-host-entrypoint,generated-unvalidated,softmax over last dimension
softmax,11_dynamic_32xSx768_32xSx768,benchmark/choreo/softmax/11_dynamic_32xSx768_32xSx768.co,benchmark/triton/softmax/11_dynamic_32xSx768_32xSx768.py,yes,[32 x S x 768] -> [32 x S x 768],3,implemented-generated-host-entrypoint,generated-unvalidated,softmax over last dimension
softmax,12_dynamic_64xTx256_64xTx256,benchmark/choreo/softmax/12_dynamic_64xTx256_64xTx256.co,benchmark/triton/softmax/12_dynamic_64xTx256_64xTx256.py,yes,[64 x T x 256] -> [64 x T x 256],3,implemented-generated-host-entrypoint,generated-unvalidated,softmax over last dimension
softmax,13_dynamic_32x512xV_32x512xV,benchmark/choreo/softmax/13_dynamic_32x512xV_32x512xV.co,benchmark/triton/softmax/13_dynamic_32x512xV_32x512xV.py,yes,[32 x 512 x V] -> [32 x 512 x V],3,implemented-generated-host-entrypoint,generated-unvalidated,softmax over last dimension
softmax,14_efficientnet_64x1280x7x7_64x1280x7x7,benchmark/choreo/softmax/14_efficientnet_64x1280x7x7_64x1280x7x7.co,benchmark/triton/softmax/14_efficientnet_64x1280x7x7_64x1280x7x7.py,yes,[64 x 1280 x 7 x 7] -> [64 x 1280 x 7 x 7],3,implemented-generated-host-entrypoint,generated-unvalidated,softmax over last dimension
softmax,15_gpt_16x1024x4096_16x1024x4096,benchmark/choreo/softmax/15_gpt_16x1024x4096_16x1024x4096.co,benchmark/triton/softmax/15_gpt_16x1024x4096_16x1024x4096.py,yes,[16 x 1024 x 4096] -> [16 x 1024 x 4096],3,implemented-generated-host-entrypoint,generated-unvalidated,softmax over last dimension
softmax,16_lstm_64x100x256_64x100x256,benchmark/choreo/softmax/16_lstm_64x100x256_64x100x256.co,benchmark/triton/softmax/16_lstm_64x100x256_64x100x256.py,yes,[64 x 100 x 256] -> [64 x 100 x 256],3,implemented-generated-host-entrypoint,generated-unvalidated,softmax over last dimension
softmax,17_mobilenet_128x96x112x112_128x96x112x112,benchmark/choreo/softmax/17_mobilenet_128x96x112x112_128x96x112x112.co,benchmark/triton/softmax/17_mobilenet_128x96x112x112_128x96x112x112.py,yes,[128 x 96 x 112 x 112] -> [128 x 96 x 112 x 112],3,implemented-generated-host-entrypoint,generated-unvalidated,softmax over last dimension
softmax,18_resnet_64x256x56x56_64x256x56x56,benchmark/choreo/softmax/18_resnet_64x256x56x56_64x256x56x56.co,benchmark/triton/softmax/18_resnet_64x256x56x56_64x256x56x56.py,yes,[64 x 256 x 56 x 56] -> [64 x 256 x 56 x 56],3,implemented-generated-host-entrypoint,generated-unvalidated,softmax over last dimension
softmax,19_transformer_32x512x2048_32x512x2048,benchmark/choreo/softmax/19_transformer_32x512x2048_32x512x2048.co,benchmark/triton/softmax/19_transformer_32x512x2048_32x512x2048.py,yes,[32 x 512 x 2048] -> [32 x 512 x 2048],3,implemented-generated-host-entrypoint,generated-unvalidated,softmax over last dimension
softmax,1_bert_32x512x768_32x512x768,benchmark/choreo/softmax/1_bert_32x512x768_32x512x768.co,benchmark/triton/softmax/1_bert_32x512x768_32x512x768.py,yes,[32 x 512 x 768] -> [32 x 512 x 768],3,implemented-generated-host-entrypoint,generated-unvalidated,softmax over last dimension
softmax,20_vit_32x197x3072_32x197x3072,benchmark/choreo/softmax/20_vit_32x197x3072_32x197x3072.co,benchmark/triton/softmax/20_vit_32x197x3072_32x197x3072.py,yes,[32 x 197 x 3072] -> [32 x 197 x 3072],3,implemented-generated-host-entrypoint,generated-unvalidated,softmax over last dimension
softmax,2_cnn_128x128x28x28_128x128x28x28,benchmark/choreo/softmax/2_cnn_128x128x28x28_128x128x28x28.co,benchmark/triton/softmax/2_cnn_128x128x28x28_128x128x28x28.py,yes,[128 x 128 x 28 x 28] -> [128 x 128 x 28 x 28],3,implemented-generated-host-entrypoint,generated-unvalidated,softmax over last dimension
softmax,3_attention_32xNx512x64_32xNx512x64,benchmark/choreo/softmax/3_attention_32xNx512x64_32xNx512x64.co,benchmark/triton/softmax/3_attention_32xNx512x64_32xNx512x64.py,yes,[32 x N x 512 x 64] -> [32 x N x 512 x 64],3,implemented-generated-host-entrypoint,generated-unvalidated,softmax over last dimension
softmax,4_dynamic_Bx256x56x56_Bx256x56x56,benchmark/choreo/softmax/4_dynamic_Bx256x56x56_Bx256x56x56.co,benchmark/triton/softmax/4_dynamic_Bx256x56x56_Bx256x56x56.py,yes,[B x 256 x 56 x 56] -> [B x 256 x 56 x 56],3,implemented-generated-host-entrypoint,generated-unvalidated,softmax over last dimension
softmax,5_dynamic_Bx1280xHxW_Bx1280xHxW,benchmark/choreo/softmax/5_dynamic_Bx1280xHxW_Bx1280xHxW.co,benchmark/triton/softmax/5_dynamic_Bx1280xHxW_Bx1280xHxW.py,yes,[B x 1280 x H x W] -> [B x 1280 x H x W],3,implemented-generated-host-entrypoint,generated-unvalidated,softmax over last dimension
softmax,6_dynamic_128xCx112x112_128xCx112x112,benchmark/choreo/softmax/6_dynamic_128xCx112x112_128xCx112x112.co,benchmark/triton/softmax/6_dynamic_128xCx112x112_128xCx112x112.py,yes,[128 x C x 112 x 112] -> [128 x C x 112 x 112],3,implemented-generated-host-entrypoint,generated-unvalidated,softmax over last dimension
softmax,7_dynamic_32x197xE_32x197xE,benchmark/choreo/softmax/7_dynamic_32x197xE_32x197xE.co,benchmark/triton/softmax/7_dynamic_32x197xE_32x197xE.py,yes,[32 x 197 x E] -> [32 x 197 x E],3,implemented-generated-host-entrypoint,generated-unvalidated,softmax over last dimension
softmax,8_dynamic_16x1024xD_16x1024xD,benchmark/choreo/softmax/8_dynamic_16x1024xD_16x1024xD.co,benchmark/triton/softmax/8_dynamic_16x1024xD_16x1024xD.py,yes,[16 x 1024 x D] -> [16 x 1024 x D],3,implemented-generated-host-entrypoint,generated-unvalidated,softmax over last dimension
softmax,9_dynamic_64x128xHxW_64x128xHxW,benchmark/choreo/softmax/9_dynamic_64x128xHxW_64x128xHxW.co,benchmark/triton/softmax/9_dynamic_64x128xHxW_64x128xHxW.py,yes,[64 x 128 x H x W] -> [64 x 128 x H x W],3,implemented-generated-host-entrypoint,generated-unvalidated,softmax over last dimension
transpose,10_dynamic_16x512xHxW_16xHxWx512,benchmark/choreo/transpose/10_dynamic_16x512xHxW_16xHxWx512.co,benchmark/triton/transpose/10_dynamic_16x512xHxW_16xHxWx512.py,yes,[16 x 512 x H x W] -> [16 x H x W x 512],2,implemented-generated-host-entrypoint,generated-unvalidated,perm=0.2.3.1
transpose,11_dynamic_32xSx768_32x768xS,benchmark/choreo/transpose/11_dynamic_32xSx768_32x768xS.co,benchmark/triton/transpose/11_dynamic_32xSx768_32x768xS.py,yes,[32 x S x 768] -> [32 x 768 x S],2,implemented-generated-host-entrypoint,generated-unvalidated,perm=0.2.1
transpose,12_dynamic_64xSx256_Sx64x256,benchmark/choreo/transpose/12_dynamic_64xSx256_Sx64x256.co,benchmark/triton/transpose/12_dynamic_64xSx256_Sx64x256.py,yes,[64 x S x 256] -> [S x 64 x 256],2,implemented-generated-host-entrypoint,generated-unvalidated,perm=1.0.2
transpose,13_dynamic_32x512xV_32xVx512,benchmark/choreo/transpose/13_dynamic_32x512xV_32xVx512.co,benchmark/triton/transpose/13_dynamic_32x512xV_32xVx512.py,yes,[32 x 512 x V] -> [32 x V x 512],2,implemented-generated-host-entrypoint,generated-unvalidated,perm=0.2.1
transpose,14_efficientnet_64x1280x7x7_64x7x7x1280,benchmark/choreo/transpose/14_efficientnet_64x1280x7x7_64x7x7x1280.co,benchmark/triton/transpose/14_efficientnet_64x1280x7x7_64x7x7x1280.py,yes,[64 x 1280 x 7 x 7] -> [64 x 7 x 7 x 1280],2,implemented-generated-host-entrypoint,generated-unvalidated,perm=0.2.3.1
transpose,15_gpt_16x16x1024x64_16x1024x16x64,benchmark/choreo/transpose/15_gpt_16x16x1024x64_16x1024x16x64.co,benchmark/triton/transpose/15_gpt_16x16x1024x64_16x1024x16x64.py,yes,[16 x 16 x 1024 x 64] -> [16 x 1024 x 16 x 64],2,implemented-generated-host-entrypoint,generated-unvalidated,perm=0.2.1.3
transpose,16_lstm_64x100x256_100x64x256,benchmark/choreo/transpose/16_lstm_64x100x256_100x64x256.co,benchmark/triton/transpose/16_lstm_64x100x256_100x64x256.py,yes,[64 x 100 x 256] -> [100 x 64 x 256],2,implemented-generated-host-entrypoint,generated-unvalidated,perm=1.0.2
transpose,17_mobilenet_128xx96x112x112_128x112x112x96,benchmark/choreo/transpose/17_mobilenet_128xx96x112x112_128x112x112x96.co,benchmark/triton/transpose/17_mobilenet_128xx96x112x112_128x112x112x96.py,yes,[128 x 96 x 112 x 112] -> [128 x 112 x 112 x 96],2,implemented-generated-host-entrypoint,generated-unvalidated,perm=0.2.3.1
transpose,18_resnet_64x256x56x56_64x56x56x256,benchmark/choreo/transpose/18_resnet_64x256x56x56_64x56x56x256.co,benchmark/triton/transpose/18_resnet_64x256x56x56_64x56x56x256.py,yes,[64 x 256 x 56 x 56] -> [64 x 56 x 56 x 256],2,implemented-generated-host-entrypoint,generated-unvalidated,perm=0.2.3.1
transpose,19_transformer_32x512x2048_32x2048x512,benchmark/choreo/transpose/19_transformer_32x512x2048_32x2048x512.co,benchmark/triton/transpose/19_transformer_32x512x2048_32x2048x512.py,yes,[32 x 512 x 2048] -> [32 x 2048 x 512],2,implemented-generated-host-entrypoint,generated-unvalidated,perm=0.2.1
transpose,1_bert_32x512x768_32x768x512,benchmark/choreo/transpose/1_bert_32x512x768_32x768x512.co,benchmark/triton/transpose/1_bert_32x512x768_32x768x512.py,yes,[32 x 512 x 768] -> [32 x 768 x 512],2,implemented-generated-host-entrypoint,generated-unvalidated,perm=0.2.1
transpose,20_unet_16x512x32x32_16x32x32x512,benchmark/choreo/transpose/20_unet_16x512x32x32_16x32x32x512.co,benchmark/triton/transpose/20_unet_16x512x32x32_16x32x32x512.py,yes,[16 x 512 x 32 x 32] -> [16 x 32 x 32 x 512],2,implemented-generated-host-entrypoint,generated-unvalidated,perm=0.2.3.1
transpose,21_vit_32x3x224x224_32x224x224x3,benchmark/choreo/transpose/21_vit_32x3x224x224_32x224x224x3.co,benchmark/triton/transpose/21_vit_32x3x224x224_32x224x224x3.py,yes,[32 x 3 x 224 x 224] -> [32 x 224 x 224 x 3],2,implemented-generated-host-entrypoint,generated-unvalidated,perm=0.2.3.1
transpose,2_cnn_128x128x28x28_128x28x28x128,benchmark/choreo/transpose/2_cnn_128x128x28x28_128x28x28x128.co,benchmark/triton/transpose/2_cnn_128x128x28x28_128x28x28x128.py,yes,[128 x 128 x 28 x 28] -> [128 x 28 x 28 x 128],2,implemented-generated-host-entrypoint,generated-unvalidated,perm=0.2.3.1
transpose,3_attention_32xNx512x64_32x512xNx64,benchmark/choreo/transpose/3_attention_32xNx512x64_32x512xNx64.co,benchmark/triton/transpose/3_attention_32xNx512x64_32x512xNx64.py,yes,[32 x N x 512 x 64] -> [32 x 512 x N x 64],2,implemented-generated-host-entrypoint,generated-unvalidated,perm=0.2.1.3
transpose,4_dynamic_Nx256x56x56_Nx56x56x256,benchmark/choreo/transpose/4_dynamic_Nx256x56x56_Nx56x56x256.co,benchmark/triton/transpose/4_dynamic_Nx256x56x56_Nx56x56x256.py,yes,[N x 256 x 56 x 56] -> [N x 56 x 56 x 256],2,implemented-generated-host-entrypoint,generated-unvalidated,perm=0.2.3.1
transpose,5_dynamic_Nx1280xHxW_NxHxWx1280,benchmark/choreo/transpose/5_dynamic_Nx1280xHxW_NxHxWx1280.co,benchmark/triton/transpose/5_dynamic_Nx1280xHxW_NxHxWx1280.py,yes,[N x 1280 x H x W] -> [N x H x W x 1280],2,implemented-generated-host-entrypoint,generated-unvalidated,perm=0.2.3.1
transpose,6_dynamic_128xCx112x112_128x112x112xC,benchmark/choreo/transpose/6_dynamic_128xCx112x112_128x112x112xC.co,benchmark/triton/transpose/6_dynamic_128xCx112x112_128x112x112xC.py,yes,[128 x C x 112 x 112] -> [128 x 112 x 112 x C],2,implemented-generated-host-entrypoint,generated-unvalidated,perm=0.2.3.1
transpose,7_dynamic_32x197xD_32xDx197,benchmark/choreo/transpose/7_dynamic_32x197xD_32xDx197.co,benchmark/triton/transpose/7_dynamic_32x197xD_32xDx197.py,yes,[32 x 197 x D] -> [32 x D x 197],2,implemented-generated-host-entrypoint,generated-unvalidated,perm=0.2.1
transpose,8_dynamic_16x1024xD_16xDx1024,benchmark/choreo/transpose/8_dynamic_16x1024xD_16xDx1024.co,benchmark/triton/transpose/8_dynamic_16x1024xD_16xDx1024.py,yes,[16 x 1024 x D] -> [16 x D x 1024],2,implemented-generated-host-entrypoint,generated-unvalidated,perm=0.2.1
transpose,9_dynamic_64x128xHxW_64xHxWx128,benchmark/choreo/transpose/9_dynamic_64x128xHxW_64xHxWx128.co,benchmark/triton/transpose/9_dynamic_64x128xHxW_64xHxWx128.py,yes,[64 x 128 x H x W] -> [64 x H x W x 128],2,implemented-generated-host-entrypoint,generated-unvalidated,perm=0.2.3.1
